item_id,store_id,forecast_sales,Recommendation
HOUSEHOLD_2_255,CA_1,0.453138472483656,Reduce Stock
HOUSEHOLD_1_277,CA_1,0.1404564863534312,Reduce Stock
FOODS_3_179,CA_1,1.2533113551132076,Reduce Stock
HOUSEHOLD_2_242,CA_1,0.1315934469350745,Reduce Stock
HOUSEHOLD_2_008,CA_1,0.5551204853666232,Reduce Stock
FOODS_2_046,CA_1,0.6201457133083557,Reduce Stock
FOODS_2_034,CA_1,0.9410101318499986,Reduce Stock
HOBBIES_1_273,CA_1,0.4703216741563524,Reduce Stock
HOBBIES_2_085,CA_1,0.5000365055297202,Reduce Stock
FOODS_3_149,CA_1,0.8431831247872064,Reduce Stock
FOODS_3_163,CA_1,5.399864588131221,Increase Stock
HOUSEHOLD_1_260,CA_1,0.1315934469350745,Reduce Stock
FOODS_2_058,CA_1,0.2966770996211011,Reduce Stock
HOUSEHOLD_1_291,CA_1,2.482361827517089,Maintain Stock
FOODS_3_422,CA_1,1.5418771195012069,Reduce Stock
HOBBIES_1_056,CA_1,1.037933833031264,Reduce Stock
FOODS_2_292,CA_1,0.2966770996211011,Reduce Stock
HOUSEHOLD_1_183,CA_1,0.5173137620525734,Reduce Stock
FOODS_3_498,CA_1,3.3792390651762023,Maintain Stock
HOUSEHOLD_2_396,CA_1,0.2966688498697394,Reduce Stock
FOODS_3_140,CA_1,2.397531892315944,Maintain Stock
HOBBIES_1_123,CA_1,0.8223863147645829,Reduce Stock
HOUSEHOLD_1_399,CA_1,12.330511282190866,Increase Stock
HOUSEHOLD_2_266,CA_1,0.5472544843832774,Reduce Stock
HOUSEHOLD_2_408,CA_1,0.3880981080181241,Reduce Stock
FOODS_2_154,CA_1,0.2966770996211011,Reduce Stock
FOODS_3_043,CA_1,1.7449404677491165,Reduce Stock
HOBBIES_1_106,CA_1,0.3517702701642163,Reduce Stock
FOODS_2_153,CA_1,4.1770911216750415,Maintain Stock
HOBBIES_1_075,CA_1,0.5133771557997102,Reduce Stock
HOBBIES_2_059,CA_1,1.4415785178918408,Reduce Stock
HOUSEHOLD_1_300,CA_1,0.2966688498697394,Reduce Stock
HOUSEHOLD_2_162,CA_1,0.7874944328262052,Reduce Stock
FOODS_2_138,CA_1,2.7843150434709254,Maintain Stock
FOODS_2_136,CA_1,0.8276158231242154,Reduce Stock
HOUSEHOLD_2_146,CA_1,0.2032945782631999,Reduce Stock
FOODS_1_110,CA_1,7.349059257033406,Increase Stock
HOUSEHOLD_2_147,CA_1,0.1177235177701507,Reduce Stock
FOODS_1_135,CA_1,1.4502178147285514,Reduce Stock
HOUSEHOLD_2_164,CA_1,0.920652192387285,Reduce Stock
HOUSEHOLD_1_096,CA_1,9.924363035567236,Increase Stock
HOUSEHOLD_1_025,CA_1,0.9597862278162032,Reduce Stock
FOODS_3_524,CA_1,0.1265948069398691,Reduce Stock
HOUSEHOLD_1_165,CA_1,0.4939404080380287,Reduce Stock
FOODS_3_273,CA_1,5.3910107002778425,Increase Stock
FOODS_3_181,CA_1,2.7244460233571264,Maintain Stock
HOUSEHOLD_1_258,CA_1,0.2966688498697394,Reduce Stock
FOODS_3_255,CA_1,0.6201457133083557,Reduce Stock
HOUSEHOLD_1_494,CA_1,4.135942825318592,Maintain Stock
FOODS_1_122,CA_1,1.1395230050583878,Reduce Stock
FOODS_3_327,CA_1,2.787433609245287,Maintain Stock
FOODS_3_409,CA_1,1.4257002365914646,Reduce Stock
FOODS_2_033,CA_1,3.435309163086281,Maintain Stock
FOODS_2_347,CA_1,12.65224720077217,Increase Stock
HOUSEHOLD_1_110,CA_1,12.271114649565064,Increase Stock
FOODS_3_341,CA_1,0.6564853966598502,Reduce Stock
HOUSEHOLD_2_267,CA_1,0.7639953655899545,Reduce Stock
HOUSEHOLD_1_413,CA_1,0.6758839647305761,Reduce Stock
FOODS_1_134,CA_1,1.2177878642726936,Reduce Stock
HOUSEHOLD_1_259,CA_1,1.7761310248026128,Reduce Stock
FOODS_3_120,CA_1,55.5775147155569,Increase Stock
HOUSEHOLD_1_286,CA_1,0.5914430568937978,Reduce Stock
HOBBIES_1_227,CA_1,0.6123409900300242,Reduce Stock
HOUSEHOLD_1_320,CA_1,0.9908845230918798,Reduce Stock
FOODS_3_782,CA_1,7.236248971755807,Increase Stock
HOBBIES_2_068,CA_1,0.5667624269239204,Reduce Stock
HOUSEHOLD_1_086,CA_1,1.6416500378467982,Reduce Stock
FOODS_3_351,CA_1,12.202060774225174,Increase Stock
FOODS_3_154,CA_1,2.613695679754667,Maintain Stock
FOODS_3_515,CA_1,1.7598608255340369,Reduce Stock
FOODS_3_637,CA_1,0.6803843966244099,Reduce Stock
FOODS_3_180,CA_1,0.5190854836082298,Reduce Stock
FOODS_1_192,CA_1,2.773905287122862,Maintain Stock
FOODS_2_370,CA_1,0.6144480606328341,Reduce Stock
HOUSEHOLD_1_471,CA_1,1.9236756338557477,Reduce Stock
HOUSEHOLD_2_409,CA_1,1.242238556104288,Reduce Stock
HOBBIES_1_122,CA_1,1.498297346706034,Reduce Stock
HOUSEHOLD_2_327,CA_1,0.1315934469350745,Reduce Stock
HOBBIES_1_057,CA_1,1.280324732484252,Reduce Stock
FOODS_1_109,CA_1,0.781618094389916,Reduce Stock
HOBBIES_1_218,CA_1,0.1866948672295514,Reduce Stock
FOODS_3_136,CA_1,5.063546162390857,Increase Stock
HOBBIES_1_201,CA_1,1.0716453612469317,Reduce Stock
HOBBIES_2_024,CA_1,0.6839292194497226,Reduce Stock
FOODS_2_360,CA_1,12.969823126725142,Increase Stock
HOBBIES_1_370,CA_1,5.373815105371398,Increase Stock
FOODS_3_650,CA_1,1.496592020532436,Reduce Stock
HOBBIES_1_357,CA_1,1.266572479508676,Reduce Stock
FOODS_3_662,CA_1,0.8972577425971838,Reduce Stock
HOUSEHOLD_1_182,CA_1,1.339844133129468,Reduce Stock
HOBBIES_2_084,CA_1,0.1315934469350745,Reduce Stock
FOODS_3_499,CA_1,11.670350205229838,Increase Stock
HOUSEHOLD_1_400,CA_1,0.5503135378904122,Reduce Stock
HOUSEHOLD_1_485,CA_1,1.0716453612469317,Reduce Stock
HOUSEHOLD_1_425,CA_1,2.9463991979506567,Maintain Stock
FOODS_3_025,CA_1,1.6027017902912333,Reduce Stock
HOUSEHOLD_2_486,CA_1,0.4911734661113635,Reduce Stock
FOODS_3_017,CA_1,0.3527581178930149,Reduce Stock
FOODS_3_042,CA_1,3.597327893276468,Maintain Stock
HOUSEHOLD_1_417,CA_1,0.4773406970043802,Reduce Stock
HOUSEHOLD_2_163,CA_1,0.1315934469350745,Reduce Stock
FOODS_2_137,CA_1,1.3162381759059174,Reduce Stock
FOODS_3_256,CA_1,0.2966770996211011,Reduce Stock
FOODS_1_015,CA_1,4.484412619762308,Maintain Stock
FOODS_3_710,CA_1,0.8276158231242154,Reduce Stock
HOBBIES_1_298,CA_1,1.831933600881708,Reduce Stock
HOUSEHOLD_2_337,CA_1,0.4163655377599481,Reduce Stock
FOODS_1_182,CA_1,1.5223401705276085,Reduce Stock
HOUSEHOLD_2_502,CA_1,0.2966688498697394,Reduce Stock
FOODS_1_031,CA_1,1.6449589722995963,Reduce Stock
FOODS_3_029,CA_1,1.4127261724304558,Reduce Stock
HOBBIES_2_040,CA_1,0.6019364580450166,Reduce Stock
HOBBIES_1_345,CA_1,0.9597862278162032,Reduce Stock
FOODS_2_059,CA_1,2.0858249255251047,Maintain Stock
HOUSEHOLD_2_241,CA_1,0.6597269949289984,Reduce Stock
FOODS_3_543,CA_1,0.6367454243420043,Reduce Stock
FOODS_3_423,CA_1,4.837010767659923,Maintain Stock
FOODS_2_198,CA_1,0.7518479736844544,Reduce Stock
FOODS_3_559,CA_1,0.7518479736844544,Reduce Stock
HOUSEHOLD_2_102,CA_1,1.9636978545466528,Reduce Stock
FOODS_3_720,CA_1,0.9566696637383588,Reduce Stock
HOUSEHOLD_1_495,CA_1,1.863345519950778,Reduce Stock
HOUSEHOLD_2_025,CA_1,0.7345690993010356,Reduce Stock
HOBBIES_1_058,CA_1,0.4703216741563524,Reduce Stock
HOBBIES_2_054,CA_1,0.3710783537124223,Reduce Stock
FOODS_2_346,CA_1,5.358464568726652,Increase Stock
FOODS_3_808,CA_1,0.1265948069398691,Reduce Stock
HOBBIES_1_287,CA_1,0.9727135240934042,Reduce Stock
FOODS_3_529,CA_1,1.0985684519325187,Reduce Stock
HOBBIES_1_121,CA_1,0.6233028502998292,Reduce Stock
HOUSEHOLD_1_038,CA_1,2.264880448976549,Maintain Stock
FOODS_3_397,CA_1,0.2966770996211011,Reduce Stock
HOUSEHOLD_1_169,CA_1,2.027695552713004,Maintain Stock
FOODS_2_288,CA_1,0.9941130927422824,Reduce Stock
HOUSEHOLD_1_012,CA_1,0.9680109674588616,Reduce Stock
FOODS_3_269,CA_1,1.3437774295789329,Reduce Stock
HOUSEHOLD_2_012,CA_1,0.2469335505456053,Reduce Stock
FOODS_1_032,CA_1,6.734373386215441,Increase Stock
HOUSEHOLD_2_485,CA_1,0.6202431516209196,Reduce Stock
HOBBIES_1_200,CA_1,0.5925416684308034,Reduce Stock
HOBBIES_1_274,CA_1,0.453138472483656,Reduce Stock
FOODS_3_734,CA_1,3.7983250318868342,Maintain Stock
HOBBIES_1_076,CA_1,0.729368914401967,Reduce Stock
HOBBIES_1_105,CA_1,0.6564771469084886,Reduce Stock
HOBBIES_1_371,CA_1,9.908172755726463,Increase Stock
FOODS_3_636,CA_1,6.832025509791012,Increase Stock
HOUSEHOLD_2_384,CA_1,0.953590954705372,Reduce Stock
FOODS_2_275,CA_1,2.36118628207343,Maintain Stock
FOODS_3_735,CA_1,0.9748499810758512,Reduce Stock
FOODS_2_197,CA_1,31.4971312483774,Increase Stock
HOUSEHOLD_1_321,CA_1,1.731158169119479,Reduce Stock
HOUSEHOLD_1_011,CA_1,1.4967255740531404,Reduce Stock
HOUSEHOLD_1_304,CA_1,5.265908386530578,Increase Stock
FOODS_3_807,CA_1,3.986022369071599,Maintain Stock
HOBBIES_1_353,CA_1,8.5144929383435,Increase Stock
FOODS_1_206,CA_1,3.5401829943095757,Maintain Stock
HOUSEHOLD_2_313,CA_1,2.232728967485009,Maintain Stock
FOODS_3_654,CA_1,11.510444045798756,Increase Stock
HOUSEHOLD_1_481,CA_1,1.9821014104855823,Reduce Stock
FOODS_3_790,CA_1,1.2319226437247652,Reduce Stock
HOUSEHOLD_1_157,CA_1,1.7761310248026128,Reduce Stock
FOODS_2_300,CA_1,0.7045866211451339,Reduce Stock
FOODS_3_281,CA_1,14.261444153436228,Increase Stock
HOUSEHOLD_1_541,CA_1,0.1177235177701507,Reduce Stock
FOODS_3_328,CA_1,0.592549918182165,Reduce Stock
FOODS_3_560,CA_1,3.2734334849646034,Maintain Stock
HOBBIES_2_023,CA_1,0.3616129075600099,Reduce Stock
HOUSEHOLD_2_119,CA_1,0.5469131540803096,Reduce Stock
FOODS_2_181,CA_1,5.642974457051938,Increase Stock
HOUSEHOLD_1_109,CA_1,1.6118813054254673,Reduce Stock
FOODS_3_164,CA_1,0.8938125550193686,Reduce Stock
HOBBIES_1_214,CA_1,0.1315934469350745,Reduce Stock
HOUSEHOLD_2_026,CA_1,0.1315934469350745,Reduce Stock
FOODS_2_274,CA_1,2.072586573300213,Maintain Stock
HOUSEHOLD_2_103,CA_1,0.1315934469350745,Reduce Stock
FOODS_3_794,CA_1,1.942594801351213,Reduce Stock
HOUSEHOLD_1_276,CA_1,0.3527498681416532,Reduce Stock
FOODS_2_356,CA_1,1.5786580234142142,Reduce Stock
FOODS_3_119,CA_1,0.8922513677704621,Reduce Stock
HOBBIES_1_069,CA_1,0.5958921009965159,Reduce Stock
FOODS_3_781,CA_1,0.8827372520717567,Reduce Stock
HOBBIES_1_093,CA_1,0.8115258470249058,Reduce Stock
FOODS_2_202,CA_1,1.0862258217463765,Reduce Stock
FOODS_3_339,CA_1,6.868206431679338,Increase Stock
HOUSEHOLD_1_008,CA_1,0.6080427679274464,Reduce Stock
FOODS_3_652,CA_1,6.406795638832753,Increase Stock
FOODS_2_179,CA_1,0.547262734134639,Reduce Stock
HOUSEHOLD_2_121,CA_1,0.1177235177701507,Reduce Stock
FOODS_2_271,CA_1,1.3694072463584253,Reduce Stock
HOUSEHOLD_2_029,CA_1,0.4163655377599481,Reduce Stock
HOBBIES_1_271,CA_1,0.1315934469350745,Reduce Stock
FOODS_3_737,CA_1,0.3710866034637839,Reduce Stock
HOBBIES_1_053,CA_1,0.1177235177701507,Reduce Stock
HOBBIES_1_126,CA_1,1.7541975692137826,Reduce Stock
FOODS_3_015,CA_1,1.8186551477279396,Reduce Stock
HOUSEHOLD_1_427,CA_1,0.1177235177701507,Reduce Stock
HOUSEHOLD_1_167,CA_1,0.3522029884146656,Reduce Stock
FOODS_3_426,CA_1,1.4127280893207377,Reduce Stock
HOBBIES_2_053,CA_1,0.1177235177701507,Reduce Stock
HOUSEHOLD_2_098,CA_1,0.1315934469350745,Reduce Stock
FOODS_3_530,CA_1,3.886179297180983,Maintain Stock
HOUSEHOLD_1_098,CA_1,0.5190772338568682,Reduce Stock
FOODS_3_811,CA_1,13.104987078690828,Increase Stock
HOBBIES_1_301,CA_1,1.5317915474885282,Reduce Stock
HOUSEHOLD_1_415,CA_1,1.0551042419880543,Reduce Stock
FOODS_1_036,CA_1,2.8338379163120324,Maintain Stock
FOODS_3_633,CA_1,1.2516874768464676,Reduce Stock
HOUSEHOLD_1_325,CA_1,1.106315551869003,Reduce Stock
HOBBIES_1_374,CA_1,1.5863887613653074,Reduce Stock
HOBBIES_1_103,CA_1,1.8614668255155205,Reduce Stock
HOBBIES_1_078,CA_1,1.533506477966148,Reduce Stock
HOBBIES_1_197,CA_1,0.5627555838799206,Reduce Stock
HOBBIES_2_019,CA_1,0.3527498681416532,Reduce Stock
FOODS_3_272,CA_1,0.1499301822572051,Reduce Stock
HOUSEHOLD_1_166,CA_1,1.2758198842533146,Reduce Stock
FOODS_3_564,CA_1,1.22438193940963,Reduce Stock
FOODS_3_325,CA_1,2.1950542399061668,Maintain Stock
HOUSEHOLD_1_113,CA_1,1.6588258653047394,Reduce Stock
FOODS_3_780,CA_1,4.43768911196824,Maintain Stock
HOBBIES_1_229,CA_1,0.1177235177701507,Reduce Stock
HOBBIES_1_355,CA_1,1.1867710982766988,Reduce Stock
HOUSEHOLD_1_302,CA_1,0.3527498681416532,Reduce Stock
FOODS_3_138,CA_1,1.6842784157878417,Reduce Stock
FOODS_3_653,CA_1,2.414422875201152,Maintain Stock
HOUSEHOLD_2_482,CA_1,0.517356449187766,Reduce Stock
FOODS_1_035,CA_1,2.131987049752423,Maintain Stock
HOUSEHOLD_2_412,CA_1,0.1177235177701507,Reduce Stock
FOODS_1_124,CA_1,1.2215812692082078,Reduce Stock
HOBBIES_1_100,CA_1,1.278787396511005,Reduce Stock
HOBBIES_1_080,CA_1,1.7387816518051964,Reduce Stock
FOODS_1_013,CA_1,0.9498731712683554,Reduce Stock
HOUSEHOLD_2_504,CA_1,0.6802623505714551,Reduce Stock
HOUSEHOLD_2_136,CA_1,0.5375793803204343,Reduce Stock
FOODS_2_164,CA_1,2.7637995745688704,Maintain Stock
HOUSEHOLD_1_469,CA_1,2.130787079646575,Maintain Stock
FOODS_2_372,CA_1,0.3320253394975719,Reduce Stock
HOUSEHOLD_1_416,CA_1,1.6464320556240684,Reduce Stock
HOBBIES_1_286,CA_1,5.38869756169217,Increase Stock
HOUSEHOLD_2_238,CA_1,0.6909301270186301,Reduce Stock
FOODS_2_062,CA_1,0.592549918182165,Reduce Stock
FOODS_3_721,CA_1,1.2413173246544031,Reduce Stock
FOODS_1_106,CA_1,0.7270982633669089,Reduce Stock
HOUSEHOLD_2_394,CA_1,0.7218000096004452,Reduce Stock
HOUSEHOLD_1_185,CA_1,2.323148196065585,Maintain Stock
HOBBIES_2_088,CA_1,0.2966688498697394,Reduce Stock
HOUSEHOLD_1_255,CA_1,0.5066745656080069,Reduce Stock
HOBBIES_1_354,CA_1,7.162469443991606,Increase Stock
FOODS_3_184,CA_1,2.9113699451786195,Maintain Stock
FOODS_3_340,CA_1,0.9188469647577926,Reduce Stock
HOUSEHOLD_1_285,CA_1,2.398327084231348,Maintain Stock
FOODS_2_133,CA_1,1.3849956785775344,Reduce Stock
HOUSEHOLD_1_097,CA_1,0.3517702701642163,Reduce Stock
HOUSEHOLD_2_167,CA_1,0.1315934469350745,Reduce Stock
FOODS_3_707,CA_1,1.2499818021081,Reduce Stock
HOBBIES_1_343,CA_1,1.1062537283485745,Reduce Stock
FOODS_3_271,CA_1,0.1177317675215124,Reduce Stock
FOODS_3_155,CA_1,1.0444919005488196,Reduce Stock
FOODS_2_344,CA_1,2.101642327778475,Maintain Stock
HOUSEHOLD_1_497,CA_1,1.5893090540452433,Reduce Stock
FOODS_3_541,CA_1,0.1265948069398691,Reduce Stock
FOODS_3_253,CA_1,0.8259020505359984,Reduce Stock
FOODS_3_495,CA_1,0.7293771641533286,Reduce Stock
HOBBIES_2_042,CA_1,2.805312021246172,Maintain Stock
FOODS_3_664,CA_1,0.8922513677704621,Reduce Stock
FOODS_3_027,CA_1,0.925349118509992,Reduce Stock
FOODS_2_302,CA_1,1.7144757835590927,Reduce Stock
HOUSEHOLD_2_481,CA_1,0.1315934469350745,Reduce Stock
FOODS_3_427,CA_1,0.4939486577893903,Reduce Stock
HOUSEHOLD_1_483,CA_1,0.4244509994697786,Reduce Stock
HOUSEHOLD_2_381,CA_1,0.3527498681416532,Reduce Stock
FOODS_2_043,CA_1,1.7463431389376118,Reduce Stock
HOUSEHOLD_1_468,CA_1,1.243799743353195,Reduce Stock
FOODS_2_373,CA_1,0.8904905875589726,Reduce Stock
FOODS_1_137,CA_1,1.891144007474044,Reduce Stock
HOUSEHOLD_2_097,CA_1,0.597348312921826,Reduce Stock
FOODS_2_203,CA_1,0.8001386387663677,Reduce Stock
HOBBIES_2_065,CA_1,0.449430801699029,Reduce Stock
FOODS_3_518,CA_1,1.4257002365914646,Reduce Stock
FOODS_2_270,CA_1,0.311166207609042,Reduce Stock
HOUSEHOLD_2_030,CA_1,0.7889853360986403,Reduce Stock
HOBBIES_1_052,CA_1,0.1315934469350745,Reduce Stock
FOODS_2_290,CA_1,0.8922513677704621,Reduce Stock
HOBBIES_1_127,CA_1,0.4307079473059909,Reduce Stock
HOBBIES_2_058,CA_1,0.3055318892880961,Reduce Stock
HOUSEHOLD_1_007,CA_1,2.57683635796346,Maintain Stock
FOODS_2_358,CA_1,0.9438783767328668,Reduce Stock
FOODS_3_565,CA_1,2.3842612992826795,Maintain Stock
HOBBIES_2_018,CA_1,0.4680899717521841,Reduce Stock
FOODS_3_632,CA_1,3.160476106297576,Maintain Stock
FOODS_3_407,CA_1,4.081387712387687,Maintain Stock
FOODS_3_493,CA_1,2.9714236645214327,Maintain Stock
HOBBIES_2_090,CA_1,0.1265865571885075,Reduce Stock
HOBBIES_1_375,CA_1,0.1315934469350745,Reduce Stock
HOUSEHOLD_1_027,CA_1,2.294450911367085,Maintain Stock
FOODS_1_012,CA_1,3.6187745630359633,Maintain Stock
HOUSEHOLD_1_154,CA_1,0.9895844597856672,Reduce Stock
FOODS_3_161,CA_1,0.592549918182165,Reduce Stock
HOUSEHOLD_2_480,CA_1,0.4773406970043802,Reduce Stock
FOODS_3_284,CA_1,0.696833285657918,Reduce Stock
FOODS_2_343,CA_1,0.5583670423609203,Reduce Stock
HOUSEHOLD_1_498,CA_1,2.662982806686778,Maintain Stock
HOUSEHOLD_2_505,CA_1,0.4333852920656499,Reduce Stock
HOUSEHOLD_2_010,CA_1,0.3149973354405085,Reduce Stock
HOBBIES_1_195,CA_1,1.2758198842533146,Reduce Stock
FOODS_3_812,CA_1,2.383157990417229,Maintain Stock
HOUSEHOLD_2_257,CA_1,0.1315934469350745,Reduce Stock
FOODS_1_037,CA_1,1.7270826490038476,Reduce Stock
FOODS_3_026,CA_1,2.262869098997036,Maintain Stock
HOUSEHOLD_2_310,CA_1,0.9846969944131057,Reduce Stock
FOODS_3_252,CA_1,54.77950406085602,Increase Stock
HOBBIES_2_043,CA_1,2.3760749116955577,Maintain Stock
FOODS_3_540,CA_1,7.01574192332254,Increase Stock
HOUSEHOLD_2_237,CA_1,0.517356449187766,Reduce Stock
FOODS_2_063,CA_1,2.585555570051253,Maintain Stock
FOODS_3_792,CA_1,2.4367799952598777,Maintain Stock
HOUSEHOLD_1_082,CA_1,1.206561774579683,Reduce Stock
FOODS_3_354,CA_1,0.297929062401651,Reduce Stock
HOBBIES_1_216,CA_1,1.2533834704440971,Reduce Stock
FOODS_3_115,CA_1,1.7025971971152078,Reduce Stock
FOODS_2_156,CA_1,0.9233179120938289,Reduce Stock
FOODS_3_722,CA_1,0.3527581178930149,Reduce Stock
HOUSEHOLD_1_396,CA_1,1.154214576997101,Reduce Stock
FOODS_3_494,CA_1,1.644879118126523,Reduce Stock
HOBBIES_2_089,CA_1,0.6186819643720131,Reduce Stock
FOODS_3_046,CA_1,1.530579434492176,Reduce Stock
HOBBIES_1_285,CA_1,0.1315934469350745,Reduce Stock
HOUSEHOLD_1_539,CA_1,3.432507940082514,Maintain Stock
HOUSEHOLD_1_040,CA_1,2.738080639772292,Maintain Stock
HOUSEHOLD_2_168,CA_1,0.2966688498697394,Reduce Stock
FOODS_2_132,CA_1,0.8938125550193686,Reduce Stock
FOODS_3_395,CA_1,1.0710580999809305,Reduce Stock
HOUSEHOLD_1_279,CA_1,1.0950806114133718,Reduce Stock
FOODS_3_525,CA_1,1.0183153172630066,Reduce Stock
FOODS_2_031,CA_1,1.3044304347687872,Reduce Stock
HOUSEHOLD_2_142,CA_1,1.1262632395863372,Reduce Stock
FOODS_2_158,CA_1,0.7652756813861052,Reduce Stock
HOUSEHOLD_2_269,CA_1,0.3527498681416532,Reduce Stock
FOODS_1_194,CA_1,3.1700599911712124,Maintain Stock
HOUSEHOLD_1_186,CA_1,2.550927384540992,Maintain Stock
FOODS_1_209,CA_1,1.2422468058556495,Reduce Stock
HOUSEHOLD_1_254,CA_1,10.179166940382968,Increase Stock
HOUSEHOLD_2_325,CA_1,0.5375793803204343,Reduce Stock
FOODS_1_125,CA_1,1.3289926622594757,Reduce Stock
FOODS_1_179,CA_1,0.1316016966864361,Reduce Stock
HOUSEHOLD_2_340,CA_1,0.1315934469350745,Reduce Stock
FOODS_1_105,CA_1,1.7226122249046336,Reduce Stock
HOUSEHOLD_2_413,CA_1,0.3320170897462103,Reduce Stock
HOUSEHOLD_2_393,CA_1,0.3527498681416532,Reduce Stock
HOUSEHOLD_2_144,CA_1,0.1499219325058435,Reduce Stock
FOODS_3_185,CA_1,2.0427858070400435,Maintain Stock
FOODS_3_116,CA_1,2.7042834689183577,Maintain Stock
HOUSEHOLD_1_324,CA_1,1.262930950381729,Reduce Stock
HOUSEHOLD_2_311,CA_1,1.1641297417297147,Reduce Stock
FOODS_3_016,CA_1,2.682696455275285,Maintain Stock
HOUSEHOLD_1_426,CA_1,1.148858316434571,Reduce Stock
FOODS_3_139,CA_1,3.935386693479291,Maintain Stock
HOUSEHOLD_1_301,CA_1,1.4223624843018712,Reduce Stock
FOODS_2_135,CA_1,0.9488259086947568,Reduce Stock
HOUSEHOLD_2_165,CA_1,0.4333852920656499,Reduce Stock
HOBBIES_1_199,CA_1,0.5133771557997102,Reduce Stock
HOUSEHOLD_1_168,CA_1,0.8115258470249058,Reduce Stock
FOODS_3_809,CA_1,2.5565862925955023,Maintain Stock
HOUSEHOLD_1_470,CA_1,0.5503135378904122,Reduce Stock
FOODS_2_371,CA_1,8.404532599920914,Increase Stock
FOODS_3_270,CA_1,1.678110061467528,Reduce Stock
FOODS_3_542,CA_1,0.9070919874971994,Reduce Stock
HOBBIES_2_041,CA_1,1.2194684361047523,Reduce Stock
FOODS_3_497,CA_1,1.268136365879976,Reduce Stock
HOBBIES_2_086,CA_1,0.3616129075600099,Reduce Stock
HOBBIES_1_344,CA_1,1.030547702429242,Reduce Stock
FOODS_3_651,CA_1,1.355939924099271,Reduce Stock
HOUSEHOLD_2_324,CA_1,0.3149973354405085,Reduce Stock
FOODS_3_182,CA_1,1.464913705989352,Reduce Stock
HOUSEHOLD_1_257,CA_1,0.8268970286860802,Reduce Stock
FOODS_2_200,CA_1,0.4120172032316318,Reduce Stock
FOODS_2_345,CA_1,0.1499301822572051,Reduce Stock
HOUSEHOLD_1_496,CA_1,0.4078512884361301,Reduce Stock
HOUSEHOLD_1_303,CA_1,3.692673111626874,Maintain Stock
HOBBIES_1_228,CA_1,1.2245221564051567,Reduce Stock
FOODS_3_137,CA_1,1.240025470085511,Reduce Stock
HOUSEHOLD_1_398,CA_1,0.8001303890150061,Reduce Stock
HOBBIES_1_055,CA_1,2.598023620464423,Maintain Stock
FOODS_3_663,CA_1,5.5190429590803385,Increase Stock
HOBBIES_1_124,CA_1,1.3002900058449178,Reduce Stock
FOODS_3_406,CA_1,22.898877245826,Increase Stock
FOODS_3_044,CA_1,0.6839374692010842,Reduce Stock
FOODS_3_635,CA_1,0.1265948069398691,Reduce Stock
HOBBIES_1_372,CA_1,1.0355540772559635,Reduce Stock
HOUSEHOLD_2_312,CA_1,1.3181910244442132,Reduce Stock
HOBBIES_1_356,CA_1,1.4200972677989805,Reduce Stock
FOODS_1_195,CA_1,1.2319226437247652,Reduce Stock
FOODS_1_207,CA_1,1.4574705478225545,Reduce Stock
HOUSEHOLD_1_028,CA_1,1.010473573830914,Reduce Stock
HOUSEHOLD_1_414,CA_1,6.784707281527853,Increase Stock
HOUSEHOLD_2_258,CA_1,0.7588406315020003,Reduce Stock
HOUSEHOLD_2_484,CA_1,0.4244509994697786,Reduce Stock
HOUSEHOLD_2_410,CA_1,1.027170106930002,Reduce Stock
HOBBIES_2_067,CA_1,0.2979208126502894,Reduce Stock
FOODS_3_516,CA_1,13.8492590054951,Increase Stock
HOUSEHOLD_2_240,CA_1,0.4612754309158524,Reduce Stock
FOODS_3_709,CA_1,0.8822183165537747,Reduce Stock
HOBBIES_1_299,CA_1,0.8325203143989055,Reduce Stock
FOODS_2_060,CA_1,3.101724787070044,Maintain Stock
FOODS_2_045,CA_1,0.8938125550193686,Reduce Stock
HOUSEHOLD_1_099,CA_1,1.240971045438665,Reduce Stock
HOBBIES_2_022,CA_1,1.0701018297137923,Reduce Stock
FOODS_3_561,CA_1,5.08054328386956,Increase Stock
FOODS_3_338,CA_1,0.7518479736844544,Reduce Stock
HOUSEHOLD_2_383,CA_1,0.453138472483656,Reduce Stock
FOODS_1_126,CA_1,1.1619936711861376,Reduce Stock
HOUSEHOLD_2_392,CA_1,0.2966688498697394,Reduce Stock
HOUSEHOLD_2_101,CA_1,0.1669416868115453,Reduce Stock
FOODS_2_199,CA_1,1.3082680670679874,Reduce Stock
HOUSEHOLD_1_322,CA_1,2.3689003678338065,Maintain Stock
FOODS_3_118,CA_1,2.3609435001889847,Maintain Stock
FOODS_1_108,CA_1,2.2513374118278198,Maintain Stock
FOODS_3_352,CA_1,1.4046508142981855,Reduce Stock
FOODS_1_033,CA_1,0.1316016966864361,Reduce Stock
HOUSEHOLD_2_027,CA_1,0.1315934469350745,Reduce Stock
FOODS_1_181,CA_1,4.186655971216271,Maintain Stock
HOUSEHOLD_2_338,CA_1,0.2469335505456053,Reduce Stock
FOODS_3_723,CA_1,11.883028787806298,Increase Stock
HOBBIES_1_284,CA_1,0.7678868747425003,Reduce Stock
FOODS_2_042,CA_1,1.347462360278244,Reduce Stock
HOUSEHOLD_1_010,CA_1,0.9382809585693512,Reduce Stock
FOODS_2_273,CA_1,1.0104818235822757,Reduce Stock
FOODS_3_424,CA_1,1.8199023566130812,Reduce Stock
HOUSEHOLD_2_123,CA_1,0.7247038760965162,Reduce Stock
FOODS_1_014,CA_1,2.437037281533786,Maintain Stock
HOUSEHOLD_1_156,CA_1,1.4514002291646904,Reduce Stock
FOODS_3_282,CA_1,22.547824556852007,Increase Stock
HOUSEHOLD_2_503,CA_1,0.1315934469350745,Reduce Stock
HOUSEHOLD_2_395,CA_1,1.161985421434776,Reduce Stock
HOUSEHOLD_1_085,CA_1,0.1315934469350745,Reduce Stock
FOODS_1_123,CA_1,1.409020676648846,Reduce Stock
FOODS_2_177,CA_1,1.3678699103851784,Reduce Stock
HOBBIES_1_086,CA_1,0.941001882098637,Reduce Stock
HOUSEHOLD_2_100,CA_1,0.6054898848038045,Reduce Stock
HOUSEHOLD_1_184,CA_1,1.3002900058449178,Reduce Stock
HOBBIES_1_373,CA_1,1.482073764237713,Reduce Stock
HOBBIES_1_054,CA_1,0.3320170897462103,Reduce Stock
HOBBIES_1_125,CA_1,0.7527443952916143,Reduce Stock
FOODS_3_162,CA_1,1.5165539729498498,Reduce Stock
HOUSEHOLD_1_278,CA_1,0.6444453761416438,Reduce Stock
HOBBIES_1_198,CA_1,0.6167438929515275,Reduce Stock
FOODS_3_810,CA_1,4.930455877374349,Maintain Stock
HOBBIES_1_217,CA_1,0.1499219325058435,Reduce Stock
HOUSEHOLD_1_083,CA_1,3.461895457300235,Maintain Stock
FOODS_3_353,CA_1,0.4939486577893903,Reduce Stock
FOODS_3_791,CA_1,0.982365377158842,Reduce Stock
FOODS_2_032,CA_1,1.1260081582976849,Reduce Stock
HOUSEHOLD_1_256,CA_1,1.4928074705811862,Reduce Stock
FOODS_3_183,CA_1,7.0822148828267775,Increase Stock
HOUSEHOLD_2_268,CA_1,0.6840817303544411,Reduce Stock
HOUSEHOLD_2_145,CA_1,0.4078512884361301,Reduce Stock
FOODS_2_155,CA_1,0.6846626471862594,Reduce Stock
FOODS_1_193,CA_1,1.45748587811959,Reduce Stock
FOODS_1_136,CA_1,0.2033028280145615,Reduce Stock
FOODS_2_201,CA_1,3.3946869868123355,Maintain Stock
HOUSEHOLD_2_326,CA_1,0.5989965246869464,Reduce Stock
FOODS_1_208,CA_1,1.7039774107528056,Reduce Stock
FOODS_2_044,CA_1,1.5811547266635928,Reduce Stock
HOUSEHOLD_1_155,CA_1,0.6839292194497226,Reduce Stock
FOODS_3_283,CA_1,1.912824162985755,Reduce Stock
HOUSEHOLD_2_256,CA_1,0.1866948672295514,Reduce Stock
HOBBIES_2_066,CA_1,0.1177235177701507,Reduce Stock
FOODS_3_517,CA_1,0.297929062401651,Reduce Stock
HOUSEHOLD_1_397,CA_1,1.545416655137572,Reduce Stock
HOUSEHOLD_2_011,CA_1,1.315175233335521,Reduce Stock
HOBBIES_2_020,CA_1,0.2966688498697394,Reduce Stock
FOODS_3_045,CA_1,0.4078595381874918,Reduce Stock
FOODS_3_634,CA_1,5.119085979245988,Increase Stock
FOODS_3_408,CA_1,0.311166207609042,Reduce Stock
HOUSEHOLD_1_026,CA_1,1.168031893913434,Reduce Stock
FOODS_1_180,CA_1,1.7598608255340369,Reduce Stock
HOUSEHOLD_2_339,CA_1,0.3320170897462103,Reduce Stock
HOUSEHOLD_2_382,CA_1,1.1862108597450511,Reduce Stock
HOUSEHOLD_2_099,CA_1,0.3527498681416532,Reduce Stock
FOODS_3_563,CA_1,0.1177317675215124,Reduce Stock
FOODS_3_028,CA_1,1.2729193415655076,Reduce Stock
FOODS_2_134,CA_1,1.601763261665256,Reduce Stock
FOODS_2_272,CA_1,1.2413173246544031,Reduce Stock
HOUSEHOLD_2_009,CA_1,0.9964200418270458,Reduce Stock
HOBBIES_1_215,CA_1,0.8214816434060614,Reduce Stock
HOUSEHOLD_2_239,CA_1,2.6212736326694843,Maintain Stock
FOODS_3_117,CA_1,1.3333928080616362,Reduce Stock
HOUSEHOLD_1_323,CA_1,0.3710783537124223,Reduce Stock
HOUSEHOLD_1_540,CA_1,2.7687525082526725,Maintain Stock
FOODS_2_301,CA_1,1.0846884857731296,Reduce Stock
FOODS_2_180,CA_1,0.2469418002969669,Reduce Stock
HOUSEHOLD_2_120,CA_1,0.7460022341211694,Reduce Stock
HOBBIES_1_272,CA_1,0.1315934469350745,Reduce Stock
FOODS_3_736,CA_1,0.719452027697695,Reduce Stock
FOODS_2_359,CA_1,3.557489418381805,Maintain Stock
FOODS_2_061,CA_1,2.938319184755876,Maintain Stock
HOUSEHOLD_1_482,CA_1,2.9220718619825976,Maintain Stock
HOBBIES_2_021,CA_1,0.1265865571885075,Reduce Stock
FOODS_3_562,CA_1,4.492432911939185,Maintain Stock
FOODS_3_254,CA_1,0.7637144941371987,Reduce Stock
FOODS_2_291,CA_1,1.601763261665256,Reduce Stock
HOUSEHOLD_2_411,CA_1,1.084680236021768,Reduce Stock
FOODS_1_034,CA_1,0.2033028280145615,Reduce Stock
HOUSEHOLD_2_483,CA_1,2.322841300466927,Maintain Stock
FOODS_2_289,CA_1,1.8608366975352293,Reduce Stock
FOODS_3_708,CA_1,1.049695292980163,Reduce Stock
HOBBIES_1_300,CA_1,1.4406978776939037,Reduce Stock
HOUSEHOLD_2_028,CA_1,0.4244509994697786,Reduce Stock
HOUSEHOLD_1_484,CA_1,0.6280007120825273,Reduce Stock
HOUSEHOLD_1_009,CA_1,0.2032945782631999,Reduce Stock
FOODS_3_425,CA_1,1.4469721750162672,Reduce Stock
FOODS_2_357,CA_1,3.2438406644462265,Maintain Stock
HOUSEHOLD_2_166,CA_1,0.2966688498697394,Reduce Stock
FOODS_3_496,CA_1,3.0676680155950944,Maintain Stock
FOODS_3_793,CA_1,2.560722297389221,Maintain Stock
FOODS_3_396,CA_1,0.7724971256285043,Reduce Stock
HOUSEHOLD_1_039,CA_1,1.573060605250698,Reduce Stock
HOBBIES_1_104,CA_1,0.5716898764757917,Reduce Stock
HOBBIES_1_077,CA_1,0.6564771469084886,Reduce Stock
FOODS_3_326,CA_1,2.5697242117657377,Maintain Stock
HOUSEHOLD_1_112,CA_1,1.3443294183592192,Reduce Stock
FOODS_1_107,CA_1,0.351778519915578,Reduce Stock
HOBBIES_2_087,CA_1,0.340880129164567,Reduce Stock
HOUSEHOLD_2_314,CA_1,0.3527498681416532,Reduce Stock
FOODS_3_539,CA_1,0.8963761552266667,Reduce Stock
FOODS_3_257,CA_1,3.139462441730995,Maintain Stock
HOUSEHOLD_1_294,CA_1,8.81875712774036,Increase Stock
FOODS_3_146,CA_1,1.573652981361265,Reduce Stock
HOBBIES_2_031,CA_1,0.1669416868115453,Reduce Stock
FOODS_3_552,CA_1,0.7654684481442964,Reduce Stock
HOUSEHOLD_2_321,CA_1,0.7518397239330928,Reduce Stock
HOUSEHOLD_1_172,CA_1,2.073571158144055,Maintain Stock
HOUSEHOLD_1_406,CA_1,0.7535711389226912,Reduce Stock
FOODS_3_036,CA_1,0.9884888842307612,Reduce Stock
FOODS_1_198,CA_1,1.3334779474892269,Reduce Stock
FOODS_2_167,CA_1,0.5133854055510718,Reduce Stock
FOODS_3_266,CA_1,0.9669836149839092,Reduce Stock
FOODS_3_547,CA_1,4.337690734924291,Maintain Stock
HOBBIES_2_036,CA_1,0.8819367001976502,Reduce Stock
HOUSEHOLD_2_110,CA_1,2.1335920891330336,Maintain Stock
FOODS_2_190,CA_1,1.7917368145797188,Reduce Stock
HOUSEHOLD_2_004,CA_1,0.4680899717521841,Reduce Stock
FOODS_2_296,CA_1,0.5618591622727606,Reduce Stock
FOODS_2_049,CA_1,0.996223791022909,Reduce Stock
HOUSEHOLD_2_133,CA_1,0.1177235177701507,Reduce Stock
HOUSEHOLD_1_313,CA_1,1.106315551869003,Reduce Stock
FOODS_3_127,CA_1,4.599250478042293,Maintain Stock
HOBBIES_1_351,CA_1,0.4680899717521841,Reduce Stock
FOODS_3_150,CA_1,5.097190085794996,Increase Stock
HOUSEHOLD_1_290,CA_1,1.3493928987091013,Reduce Stock
FOODS_3_506,CA_1,0.3710866034637839,Reduce Stock
HOBBIES_2_077,CA_1,0.1177235177701507,Reduce Stock
HOBBIES_1_360,CA_1,0.2966688498697394,Reduce Stock
FOODS_3_401,CA_1,1.0049377732642697,Reduce Stock
HOUSEHOLD_1_034,CA_1,1.0089123865820069,Reduce Stock
FOODS_3_647,CA_1,1.5018713963817485,Reduce Stock
HOUSEHOLD_2_493,CA_1,0.667947425421217,Reduce Stock
FOODS_1_024,CA_1,1.2175874240337303,Reduce Stock
HOUSEHOLD_2_247,CA_1,0.4078512884361301,Reduce Stock
FOODS_2_053,CA_1,1.1745723355681112,Reduce Stock
HOUSEHOLD_1_308,CA_1,0.8001303890150061,Reduce Stock
HOBBIES_1_278,CA_1,3.947151266978359,Maintain Stock
FOODS_3_132,CA_1,1.3678699103851784,Reduce Stock
FOODS_3_730,CA_1,1.448799924213538,Reduce Stock
FOODS_3_656,CA_1,1.792955094773286,Reduce Stock
FOODS_3_262,CA_1,1.2524104618219147,Reduce Stock
HOUSEHOLD_1_176,CA_1,0.8987268312848008,Reduce Stock
FOODS_2_351,CA_1,0.8575811771483908,Reduce Stock
HOUSEHOLD_1_105,CA_1,0.4680899717521841,Reduce Stock
HOUSEHOLD_1_490,CA_1,0.3517702701642163,Reduce Stock
FOODS_3_643,CA_1,2.3760355575076377,Maintain Stock
HOBBIES_2_072,CA_1,0.4703216741563524,Reduce Stock
FOODS_3_511,CA_1,35.07540834011075,Increase Stock
HOUSEHOLD_2_399,CA_1,0.7345690993010356,Reduce Stock
FOODS_1_119,CA_1,0.2469418002969669,Reduce Stock
HOUSEHOLD_1_018,CA_1,2.4105546738690062,Maintain Stock
FOODS_3_507,CA_1,0.5913074182943383,Reduce Stock
HOBBIES_2_076,CA_1,0.1315934469350745,Reduce Stock
FOODS_3_021,CA_1,1.5367338067347074,Reduce Stock
HOUSEHOLD_2_019,CA_1,0.1315934469350745,Reduce Stock
HOUSEHOLD_1_421,CA_1,1.4324810437705435,Reduce Stock
HOUSEHOLD_1_102,CA_1,1.0089123865820069,Reduce Stock
FOODS_3_416,CA_1,0.2033028280145615,Reduce Stock
HOUSEHOLD_2_494,CA_1,0.1315934469350745,Reduce Stock
FOODS_1_023,CA_1,3.193445952214944,Maintain Stock
FOODS_3_335,CA_1,1.9843251522970191,Reduce Stock
FOODS_3_788,CA_1,1.8413260022581752,Reduce Stock
FOODS_1_116,CA_1,0.4218531576389959,Reduce Stock
FOODS_1_187,CA_1,1.560364894986413,Reduce Stock
HOBBIES_1_220,CA_1,0.5765757372605053,Reduce Stock
FOODS_2_365,CA_1,0.99133985436043,Reduce Stock
HOUSEHOLD_1_476,CA_1,0.5133771557997102,Reduce Stock
FOODS_2_281,CA_1,0.4163737875113098,Reduce Stock
HOBBIES_1_364,CA_1,0.789662422913659,Reduce Stock
HOUSEHOLD_2_498,CA_1,0.8243326135357303,Reduce Stock
HOBBIES_1_066,CA_1,0.1404564863534312,Reduce Stock
HOBBIES_1_114,CA_1,0.2966688498697394,Reduce Stock
HOUSEHOLD_1_419,CA_1,0.938434973425148,Reduce Stock
FOODS_3_726,CA_1,3.1467197244354725,Maintain Stock
HOBBIES_1_207,CA_1,0.3149973354405085,Reduce Stock
HOUSEHOLD_2_318,CA_1,0.1499219325058435,Reduce Stock
FOODS_1_201,CA_1,2.533943560489297,Maintain Stock
FOODS_3_801,CA_1,2.170932797742039,Maintain Stock
HOBBIES_1_281,CA_1,1.1131169181794112,Reduce Stock
FOODS_3_023,CA_1,2.345845418155873,Maintain Stock
HOUSEHOLD_1_267,CA_1,1.360256433039791,Reduce Stock
FOODS_3_172,CA_1,2.2279081928299886,Maintain Stock
HOUSEHOLD_2_251,CA_1,0.1315934469350745,Reduce Stock
FOODS_3_786,CA_1,2.1877898778216,Maintain Stock
HOBBIES_1_223,CA_1,1.6301954558664369,Reduce Stock
FOODS_2_145,CA_1,1.5665088578491733,Reduce Stock
HOUSEHOLD_2_155,CA_1,1.2036838690142648,Reduce Stock
FOODS_1_019,CA_1,11.56487103317419,Increase Stock
HOUSEHOLD_2_332,CA_1,0.8796071618302996,Reduce Stock
FOODS_3_332,CA_1,1.1701449128702903,Reduce Stock
FOODS_1_115,CA_1,0.8516616382595974,Reduce Stock
FOODS_1_025,CA_1,0.686084474681568,Reduce Stock
HOBBIES_1_348,CA_1,11.091624004996651,Increase Stock
FOODS_3_659,CA_1,1.3726062774595236,Reduce Stock
HOUSEHOLD_2_015,CA_1,1.021501459188742,Reduce Stock
FOODS_3_126,CA_1,1.4604533903772812,Reduce Stock
HOUSEHOLD_1_314,CA_1,0.1315934469350745,Reduce Stock
HOUSEHOLD_1_475,CA_1,0.7946026046462197,Reduce Stock
FOODS_2_366,CA_1,1.268136365879976,Reduce Stock
HOUSEHOLD_2_492,CA_1,0.3260980631766986,Reduce Stock
FOODS_1_128,CA_1,0.754851454718842,Reduce Stock
HOUSEHOLD_1_405,CA_1,0.6080427679274464,Reduce Stock
FOODS_3_037,CA_1,8.515780151615138,Increase Stock
FOODS_2_354,CA_1,0.2966770996211011,Reduce Stock
HOUSEHOLD_2_390,CA_1,0.6909301270186301,Reduce Stock
HOBBIES_2_030,CA_1,0.3616129075600099,Reduce Stock
FOODS_3_553,CA_1,1.729435966605739,Reduce Stock
HOUSEHOLD_1_160,CA_1,2.919844838542396,Maintain Stock
FOODS_3_278,CA_1,0.9576889481131134,Reduce Stock
HOUSEHOLD_1_487,CA_1,1.7834173594111398,Reduce Stock
HOUSEHOLD_1_272,CA_1,9.256410418668024,Increase Stock
HOUSEHOLD_1_295,CA_1,0.9190097576901746,Reduce Stock
FOODS_3_167,CA_1,3.293725384991432,Maintain Stock
FOODS_2_350,CA_1,0.6280089618338889,Reduce Stock
HOUSEHOLD_1_491,CA_1,1.4562928833989437,Reduce Stock
HOUSEHOLD_2_260,CA_1,0.4163655377599481,Reduce Stock
HOUSEHOLD_2_329,CA_1,0.597348312921826,Reduce Stock
FOODS_2_143,CA_1,0.7481157744353693,Reduce Stock
HOUSEHOLD_2_157,CA_1,0.3980370521891791,Reduce Stock
FOODS_1_190,CA_1,0.5222484449694286,Reduce Stock
FOODS_3_020,CA_1,12.333635109546456,Increase Stock
HOUSEHOLD_1_422,CA_1,1.0089123865820069,Reduce Stock
FOODS_2_040,CA_1,1.0756992478773082,Reduce Stock
FOODS_3_505,CA_1,2.5921545968110307,Maintain Stock
HOBBIES_2_078,CA_1,0.2966688498697394,Reduce Stock
FOODS_3_261,CA_1,0.5734030300758487,Reduce Stock
HOUSEHOLD_1_177,CA_1,0.1177235177701507,Reduce Stock
HOUSEHOLD_2_137,CA_1,0.3683699811978648,Reduce Stock
HOUSEHOLD_2_317,CA_1,0.3320170897462103,Reduce Stock
FOODS_1_202,CA_1,1.6523394863563845,Reduce Stock
FOODS_3_145,CA_1,0.7723179989560935,Reduce Stock
FOODS_2_163,CA_1,0.6531943133755125,Reduce Stock
HOUSEHOLD_2_150,CA_1,0.9054717372401192,Reduce Stock
HOUSEHOLD_2_403,CA_1,1.0610555864732922,Reduce Stock
FOODS_2_150,CA_1,2.658305168361234,Maintain Stock
FOODS_3_642,CA_1,1.0985684519325187,Reduce Stock
FOODS_2_280,CA_1,0.659189618105438,Reduce Stock
HOUSEHOLD_2_020,CA_1,0.3527498681416532,Reduce Stock
HOUSEHOLD_1_163,CA_1,0.2966688498697394,Reduce Stock
HOBBIES_1_072,CA_1,1.163546608683683,Reduce Stock
HOUSEHOLD_1_266,CA_1,1.1930108929824834,Reduce Stock
FOODS_3_173,CA_1,0.8402285034394636,Reduce Stock
HOUSEHOLD_1_017,CA_1,1.1867710982766988,Reduce Stock
HOUSEHOLD_1_090,CA_1,1.2514694182449522,Reduce Stock
FOODS_3_275,CA_1,1.551014073301088,Reduce Stock
FOODS_3_347,CA_1,1.2177878642726936,Reduce Stock
HOUSEHOLD_2_263,CA_1,0.4222392767099033,Reduce Stock
FOODS_3_032,CA_1,1.0104818235822757,Reduce Stock
HOUSEHOLD_1_410,CA_1,10.18463402280473,Increase Stock
FOODS_3_417,CA_1,1.2744805288144143,Reduce Stock
FOODS_2_144,CA_1,1.4241390493425576,Reduce Stock
HOUSEHOLD_2_156,CA_1,0.1499219325058435,Reduce Stock
FOODS_2_185,CA_1,1.2415811067054494,Reduce Stock
HOUSEHOLD_2_115,CA_1,2.2558342057360496,Maintain Stock
FOODS_2_037,CA_1,0.3527581178930149,Reduce Stock
HOBBIES_1_102,CA_1,0.3880981080181241,Reduce Stock
HOUSEHOLD_1_479,CA_1,0.5190772338568682,Reduce Stock
FOODS_3_519,CA_1,40.37795954858954,Increase Stock
FOODS_1_186,CA_1,1.31972620194406,Reduce Stock
HOUSEHOLD_2_333,CA_1,0.6667279024979059,Reduce Stock
HOBBIES_1_365,CA_1,0.1315934469350745,Reduce Stock
HOUSEHOLD_2_109,CA_1,0.823042830654968,Reduce Stock
FOODS_2_191,CA_1,0.1499301822572051,Reduce Stock
HOBBIES_1_109,CA_1,0.6966633770197005,Reduce Stock
FOODS_3_797,CA_1,2.6037288480127976,Maintain Stock
HOBBIES_1_206,CA_1,1.6588258653047394,Reduce Stock
FOODS_3_802,CA_1,0.4769612609219024,Reduce Stock
HOBBIES_1_065,CA_1,0.1315934469350745,Reduce Stock
HOBBIES_1_115,CA_1,1.3491174772508587,Reduce Stock
HOBBIES_1_211,CA_1,1.1472169709921487,Reduce Stock
HOBBIES_1_079,CA_1,1.1131169181794112,Reduce Stock
HOUSEHOLD_2_387,CA_1,0.4612754309158524,Reduce Stock
FOODS_3_714,CA_1,26.640036126966795,Increase Stock
FOODS_2_362,CA_1,0.2966770996211011,Reduce Stock
HOBBIES_1_294,CA_1,0.2966688498697394,Reduce Stock
FOODS_1_131,CA_1,0.186703116980913,Reduce Stock
HOBBIES_2_064,CA_1,0.4786012229356612,Reduce Stock
FOODS_2_285,CA_1,2.894114592564065,Maintain Stock
HOUSEHOLD_2_402,CA_1,0.8243326135357303,Reduce Stock
FOODS_3_168,CA_1,1.2650854821583275,Reduce Stock
HOUSEHOLD_1_271,CA_1,0.606394556162326,Reduce Stock
FOODS_1_188,CA_1,2.286988897417442,Maintain Stock
HOUSEHOLD_2_331,CA_1,0.2966688498697394,Reduce Stock
FOODS_2_147,CA_1,0.821489893157423,Reduce Stock
HOUSEHOLD_2_153,CA_1,0.3517702701642163,Reduce Stock
FOODS_3_264,CA_1,0.5794074993156086,Reduce Stock
HOUSEHOLD_1_174,CA_1,0.9167996575779128,Reduce Stock
HOUSEHOLD_1_173,CA_1,3.692673111626874,Maintain Stock
FOODS_3_265,CA_1,1.4757471860533335,Reduce Stock
HOUSEHOLD_2_497,CA_1,0.3710783537124223,Reduce Stock
HOUSEHOLD_1_269,CA_1,0.2966688498697394,Reduce Stock
HOUSEHOLD_1_408,CA_1,2.5580247581784685,Maintain Stock
FOODS_3_034,CA_1,2.894697349379544,Maintain Stock
HOBBIES_2_073,CA_1,0.2121576176815566,Reduce Stock
FOODS_3_510,CA_1,0.5643726676557558,Reduce Stock
FOODS_3_716,CA_1,2.426389767677829,Maintain Stock
HOBBIES_1_292,CA_1,0.5627555838799206,Reduce Stock
FOODS_2_363,CA_1,0.7518479736844544,Reduce Stock
HOUSEHOLD_1_478,CA_1,1.5305711847408143,Reduce Stock
FOODS_3_170,CA_1,0.8938125550193686,Reduce Stock
FOODS_1_020,CA_1,2.132542474221337,Maintain Stock
HOBBIES_1_221,CA_1,0.2966688498697394,Reduce Stock
FOODS_3_787,CA_1,3.084378454135632,Maintain Stock
FOODS_2_157,CA_1,0.982365377158842,Reduce Stock
HOUSEHOLD_2_143,CA_1,0.4939404080380287,Reduce Stock
HOUSEHOLD_2_005,CA_1,0.2966688498697394,Reduce Stock
FOODS_2_295,CA_1,0.821489893157423,Reduce Stock
HOUSEHOLD_2_112,CA_1,0.1315934469350745,Reduce Stock
FOODS_2_188,CA_1,0.5734030300758487,Reduce Stock
HOUSEHOLD_2_261,CA_1,0.1315934469350745,Reduce Stock
FOODS_2_039,CA_1,0.517322011803935,Reduce Stock
FOODS_2_352,CA_1,5.274604707870413,Increase Stock
HOUSEHOLD_1_489,CA_1,1.9236756338557477,Reduce Stock
HOUSEHOLD_2_401,CA_1,1.5586297066926302,Reduce Stock
HOUSEHOLD_1_488,CA_1,1.390706796480695,Reduce Stock
FOODS_2_353,CA_1,1.0862258217463765,Reduce Stock
HOUSEHOLD_2_249,CA_1,0.3517702701642163,Reduce Stock
FOODS_2_051,CA_1,2.4181150357834067,Maintain Stock
HOBBIES_1_068,CA_1,1.278787396511005,Reduce Stock
HOBBIES_1_112,CA_1,0.3527498681416532,Reduce Stock
HOBBIES_1_361,CA_1,0.3683699811978648,Reduce Stock
FOODS_3_646,CA_1,3.510247503780546,Maintain Stock
FOODS_3_022,CA_1,0.3683782309492265,Reduce Stock
FOODS_1_117,CA_1,2.001413216720113,Maintain Stock
HOUSEHOLD_1_420,CA_1,0.5190772338568682,Reduce Stock
HOBBIES_2_074,CA_1,0.1315934469350745,Reduce Stock
HOUSEHOLD_2_017,CA_1,0.4244509994697786,Reduce Stock
FOODS_3_130,CA_1,0.995674279991189,Reduce Stock
HOUSEHOLD_1_310,CA_1,0.1177235177701507,Reduce Stock
HOUSEHOLD_2_320,CA_1,1.5546568060911412,Reduce Stock
HOUSEHOLD_2_389,CA_1,2.439840413275836,Maintain Stock
HOUSEHOLD_2_152,CA_1,0.4120089534802701,Reduce Stock
HOUSEHOLD_1_162,CA_1,0.9167996575779128,Reduce Stock
FOODS_3_276,CA_1,0.1177317675215124,Reduce Stock
HOUSEHOLD_1_103,CA_1,1.1472169709921487,Reduce Stock
FOODS_2_148,CA_1,0.2469418002969669,Reduce Stock
FOODS_2_187,CA_1,0.4244592492211403,Reduce Stock
HOUSEHOLD_1_020,CA_1,0.6144398108814725,Reduce Stock
HOBBIES_1_280,CA_1,0.7268712268352602,Reduce Stock
HOUSEHOLD_2_400,CA_1,0.6846543974348978,Reduce Stock
FOODS_3_727,CA_1,3.440130631239225,Maintain Stock
FOODS_3_414,CA_1,0.3527581178930149,Reduce Stock
FOODS_1_118,CA_1,2.0100447450693166,Maintain Stock
HOBBIES_1_111,CA_1,0.4680899717521841,Reduce Stock
HOUSEHOLD_2_113,CA_1,1.714645677800655,Reduce Stock
FOODS_3_334,CA_1,3.007949902356002,Maintain Stock
FOODS_2_283,CA_1,1.513840589076091,Reduce Stock
FOODS_1_199,CA_1,0.7743517651201776,Reduce Stock
HOBBIES_2_050,CA_1,0.1669416868115453,Reduce Stock
FOODS_3_533,CA_1,1.4973974223403124,Reduce Stock
FOODS_3_645,CA_1,3.060692454100948,Maintain Stock
HOBBIES_1_362,CA_1,0.4900748545743585,Reduce Stock
HOUSEHOLD_2_496,CA_1,0.9656780739599852,Reduce Stock
FOODS_1_021,CA_1,0.3207960768694732,Reduce Stock
HOUSEHOLD_1_092,CA_1,0.1265865571885075,Reduce Stock
FOODS_3_345,CA_1,0.1177317675215124,Reduce Stock
FOODS_3_169,CA_1,3.8036756229760496,Maintain Stock
HOBBIES_1_209,CA_1,5.947038247265156,Increase Stock
HOUSEHOLD_1_270,CA_1,0.7437944692139463,Reduce Stock
FOODS_2_050,CA_1,2.797652569445181,Maintain Stock
HOUSEHOLD_2_250,CA_1,0.453138472483656,Reduce Stock
HOBBIES_1_350,CA_1,0.3527498681416532,Reduce Stock
FOODS_3_657,CA_1,2.950793517156352,Maintain Stock
HOBBIES_2_034,CA_1,0.4244509994697786,Reduce Stock
FOODS_3_549,CA_1,0.9680192172102232,Reduce Stock
FOODS_3_799,CA_1,0.6079549513333371,Reduce Stock
FOODS_1_129,CA_1,0.920578379747391,Reduce Stock
FOODS_3_509,CA_1,1.5636810685745028,Reduce Stock
FOODS_2_364,CA_1,1.8606362572962656,Reduce Stock
HOUSEHOLD_1_477,CA_1,0.3980370521891791,Reduce Stock
HOUSEHOLD_1_409,CA_1,8.081846679543382,Increase Stock
FOODS_3_277,CA_1,4.677261264710807,Maintain Stock
HOUSEHOLD_1_091,CA_1,0.4703216741563524,Reduce Stock
HOBBIES_1_110,CA_1,0.3880981080181241,Reduce Stock
FOODS_3_346,CA_1,4.482583162950284,Maintain Stock
HOBBIES_1_070,CA_1,0.2966688498697394,Reduce Stock
HOBBIES_1_067,CA_1,5.844699836627913,Increase Stock
HOBBIES_1_113,CA_1,0.6019364580450166,Reduce Stock
FOODS_2_294,CA_1,3.605711805939305,Maintain Stock
HOUSEHOLD_1_161,CA_1,0.7518397239330928,Reduce Stock
HOUSEHOLD_1_407,CA_1,1.5604537398059437,Reduce Stock
HOUSEHOLD_2_006,CA_1,0.1177235177701507,Reduce Stock
FOODS_2_146,CA_1,1.4223707340532328,Reduce Stock
HOUSEHOLD_2_154,CA_1,0.7162420554704951,Reduce Stock
FOODS_3_644,CA_1,0.1265948069398691,Reduce Stock
HOUSEHOLD_2_388,CA_1,0.9507399845757032,Reduce Stock
FOODS_3_333,CA_1,1.815863841852096,Reduce Stock
FOODS_2_186,CA_1,1.14936436823218,Reduce Stock
HOUSEHOLD_2_114,CA_1,0.1499219325058435,Reduce Stock
FOODS_3_035,CA_1,1.2317222034858015,Reduce Stock
FOODS_2_284,CA_1,0.1499301822572051,Reduce Stock
HOUSEHOLD_1_093,CA_1,1.7633250137220084,Reduce Stock
FOODS_2_189,CA_1,1.983859115863274,Reduce Stock
FOODS_3_128,CA_1,0.6186902141233747,Reduce Stock
HOUSEHOLD_1_312,CA_1,0.5472544843832774,Reduce Stock
HOBBIES_1_349,CA_1,1.1472169709921487,Reduce Stock
FOODS_3_658,CA_1,0.7654684481442964,Reduce Stock
FOODS_3_413,CA_1,3.926612919966522,Maintain Stock
HOUSEHOLD_1_021,CA_1,0.8089934284333629,Reduce Stock
HOUSEHOLD_2_151,CA_1,0.2966688498697394,Reduce Stock
HOBBIES_2_032,CA_1,1.2429091436398,Reduce Stock
FOODS_3_551,CA_1,1.813100313574735,Reduce Stock
FOODS_2_149,CA_1,0.9425713190989052,Reduce Stock
HOUSEHOLD_2_248,CA_1,2.0750232877098425,Maintain Stock
FOODS_3_715,CA_1,1.1680401436647956,Reduce Stock
HOBBIES_1_293,CA_1,0.5885666424251184,Reduce Stock
FOODS_2_052,CA_1,2.636496339299212,Maintain Stock
HOUSEHOLD_2_016,CA_1,1.3739747883106588,Reduce Stock
FOODS_3_263,CA_1,11.255005915615618,Increase Stock
HOUSEHOLD_1_175,CA_1,1.5321323719897215,Reduce Stock
FOODS_3_344,CA_1,7.0679051264296975,Increase Stock
HOUSEHOLD_2_111,CA_1,0.1315934469350745,Reduce Stock
HOUSEHOLD_1_104,CA_1,0.1315934469350745,Reduce Stock
FOODS_1_130,CA_1,2.7061858572477213,Maintain Stock
HOBBIES_1_094,CA_1,0.4680899717521841,Reduce Stock
HOBBIES_1_363,CA_1,0.3683699811978648,Reduce Stock
HOUSEHOLD_2_495,CA_1,1.4110510245584802,Reduce Stock
FOODS_1_022,CA_1,0.1316016966864361,Reduce Stock
FOODS_2_282,CA_1,1.628275399469783,Reduce Stock
HOUSEHOLD_2_018,CA_1,0.1315934469350745,Reduce Stock
HOUSEHOLD_2_330,CA_1,0.3710783537124223,Reduce Stock
HOUSEHOLD_2_319,CA_1,1.1186021343244903,Reduce Stock
FOODS_1_200,CA_1,9.960230436455191,Increase Stock
FOODS_1_189,CA_1,0.9488259086947568,Reduce Stock
FOODS_3_402,CA_1,1.0280430115153116,Reduce Stock
HOUSEHOLD_1_033,CA_1,2.356421821001407,Maintain Stock
FOODS_3_548,CA_1,0.595856388349117,Reduce Stock
HOBBIES_2_033,CA_1,0.7548432049674804,Reduce Stock
HOBBIES_2_035,CA_1,0.2966688498697394,Reduce Stock
FOODS_3_129,CA_1,1.7205688957547065,Reduce Stock
FOODS_3_033,CA_1,0.6054981345551661,Reduce Stock
HOUSEHOLD_1_311,CA_1,1.120661711817622,Reduce Stock
HOUSEHOLD_1_019,CA_1,0.4667992312969587,Reduce Stock
FOODS_3_415,CA_1,2.968023627467767,Maintain Stock
FOODS_3_550,CA_1,0.3683782309492265,Reduce Stock
HOBBIES_1_210,CA_1,0.1177235177701507,Reduce Stock
FOODS_3_512,CA_1,0.5913074182943383,Reduce Stock
FOODS_3_403,CA_1,4.156149968716871,Maintain Stock
FOODS_3_800,CA_1,2.123096336476016,Maintain Stock
HOUSEHOLD_1_268,CA_1,0.6597269949289984,Reduce Stock
FOODS_3_171,CA_1,0.1316016966864361,Reduce Stock
HOBBIES_1_290,CA_1,0.2966688498697394,Reduce Stock
FOODS_3_717,CA_1,1.034736005233734,Reduce Stock
HOBBIES_1_085,CA_1,1.7761310248026128,Reduce Stock
HOUSEHOLD_2_128,CA_1,0.4612754309158524,Reduce Stock
FOODS_2_172,CA_1,1.5138463113738208,Reduce Stock
FOODS_3_508,CA_1,1.5883293939198115,Reduce Stock
HOBBIES_2_075,CA_1,0.7564043922163869,Reduce Stock
HOBBIES_1_279,CA_1,1.0871222433535368,Reduce Stock
FOODS_3_729,CA_1,0.967137629839706,Reduce Stock
FOODS_3_798,CA_1,0.1177317675215124,Reduce Stock
FOODS_2_038,CA_1,0.7518479736844544,Reduce Stock
HOUSEHOLD_2_262,CA_1,0.5583587926095587,Reduce Stock
HOUSEHOLD_1_309,CA_1,0.891875723332833,Reduce Stock
FOODS_3_131,CA_1,2.1974874186014577,Maintain Stock
FOODS_3_160,CA_1,1.644879118126523,Reduce Stock
HOUSEHOLD_1_280,CA_1,0.5627555838799206,Reduce Stock
HOBBIES_1_208,CA_1,2.462990765863992,Maintain Stock
HOUSEHOLD_1_032,CA_1,12.197663362982054,Increase Stock
FOODS_1_205,CA_1,0.6167521427028891,Reduce Stock
FOODS_2_054,CA_1,3.5411252373194237,Maintain Stock
HOBBIES_2_071,CA_1,0.4252285771783048,Reduce Stock
FOODS_2_348,CA_1,1.0860169985148738,Reduce Stock
HOUSEHOLD_1_493,CA_1,0.5190772338568682,Reduce Stock
FOODS_1_133,CA_1,1.1759196274067063,Reduce Stock
FOODS_3_719,CA_1,0.821489893157423,Reduce Stock
HOUSEHOLD_2_105,CA_1,0.3149973354405085,Reduce Stock
FOODS_2_195,CA_1,0.3527581178930149,Reduce Stock
FOODS_1_127,CA_1,1.5372821368704048,Reduce Stock
HOUSEHOLD_2_391,CA_1,0.3880981080181241,Reduce Stock
HOUSEHOLD_2_385,CA_1,0.4976283223675071,Reduce Stock
FOODS_3_639,CA_1,1.7435315380373555,Reduce Stock
HOBBIES_1_061,CA_1,0.5716898764757917,Reduce Stock
HOBBIES_1_119,CA_1,1.5469398199741284,Reduce Stock
HOUSEHOLD_2_122,CA_1,0.8214816434060614,Reduce Stock
HOBBIES_1_203,CA_1,0.8214816434060614,Reduce Stock
HOUSEHOLD_2_315,CA_1,0.6668377214900761,Reduce Stock
FOODS_2_178,CA_1,1.19102122460162,Reduce Stock
HOUSEHOLD_1_170,CA_1,1.3562930221629763,Reduce Stock
FOODS_1_204,CA_1,2.30003173360625,Maintain Stock
HOBBIES_1_368,CA_1,0.1315934469350745,Reduce Stock
HOBBIES_1_288,CA_1,2.193508560561497,Maintain Stock
FOODS_3_040,CA_1,1.3707512017244114,Reduce Stock
HOUSEHOLD_1_402,CA_1,0.5375793803204343,Reduce Stock
HOUSEHOLD_2_243,CA_1,0.4612754309158524,Reduce Stock
FOODS_2_057,CA_1,0.6609476488627284,Reduce Stock
HOUSEHOLD_1_412,CA_1,0.983918314656387,Reduce Stock
HOUSEHOLD_2_132,CA_1,0.1315934469350745,Reduce Stock
FOODS_3_165,CA_1,0.5794074993156086,Reduce Stock
HOUSEHOLD_1_275,CA_1,3.403906298711003,Maintain Stock
FOODS_2_168,CA_1,0.166949936562907,Reduce Stock
HOUSEHOLD_1_158,CA_1,0.8243326135357303,Reduce Stock
HOBBIES_2_044,CA_1,0.3149973354405085,Reduce Stock
FOODS_3_280,CA_1,0.7122584423124501,Reduce Stock
FOODS_3_733,CA_1,0.9070919874971994,Reduce Stock
FOODS_3_258,CA_1,4.251755883536829,Maintain Stock
HOUSEHOLD_1_180,CA_1,2.6933711750229627,Maintain Stock
HOBBIES_1_358,CA_1,0.9895844597856672,Reduce Stock
FOODS_3_649,CA_1,0.7814470517061722,Reduce Stock
HOUSEHOLD_2_148,CA_1,0.7103668747803115,Reduce Stock
FOODS_2_152,CA_1,1.8032569764073407,Reduce Stock
HOBBIES_2_026,CA_1,0.8393459392372187,Reduce Stock
FOODS_3_557,CA_1,4.610390277476965,Maintain Stock
FOODS_3_268,CA_1,0.5715542378763321,Reduce Stock
HOUSEHOLD_1_318,CA_1,3.472868453620316,Maintain Stock
FOODS_2_171,CA_1,0.851107502958166,Reduce Stock
HOUSEHOLD_1_262,CA_1,8.00264517787262,Increase Stock
FOODS_2_183,CA_1,3.874408002459878,Maintain Stock
HOUSEHOLD_2_117,CA_1,0.3710783537124223,Reduce Stock
HOUSEHOLD_2_335,CA_1,1.6893337493487897,Reduce Stock
HOUSEHOLD_2_489,CA_1,0.3527498681416532,Reduce Stock
FOODS_1_028,CA_1,1.6840779755488782,Reduce Stock
FOODS_1_112,CA_1,1.8809819163366783,Reduce Stock
HOUSEHOLD_2_397,CA_1,0.1177235177701507,Reduce Stock
FOODS_3_399,CA_1,9.298748049826084,Increase Stock
FOODS_1_184,CA_1,1.572495965167522,Reduce Stock
HOUSEHOLD_1_036,CA_1,0.4703216741563524,Reduce Stock
FOODS_3_123,CA_1,2.1285895896182705,Maintain Stock
HOUSEHOLD_1_317,CA_1,0.8922431180191005,Reduce Stock
FOODS_2_355,CA_1,0.9941130927422824,Reduce Stock
FOODS_1_121,CA_1,1.988983688237224,Reduce Stock
HOUSEHOLD_2_406,CA_1,0.5626436332352918,Reduce Stock
FOODS_3_712,CA_1,1.2516874768464676,Reduce Stock
HOBBIES_1_296,CA_1,1.0701018297137923,Reduce Stock
HOUSEHOLD_2_244,CA_1,0.597348312921826,Reduce Stock
HOUSEHOLD_1_486,CA_1,0.7965406760667052,Reduce Stock
FOODS_3_420,CA_1,0.6350972125768839,Reduce Stock
HOUSEHOLD_1_014,CA_1,0.7437944692139463,Reduce Stock
HOUSEHOLD_1_164,CA_1,1.241149693631243,Reduce Stock
FOODS_3_177,CA_1,1.4305232859827588,Reduce Stock
FOODS_3_805,CA_1,1.5896084385158524,Reduce Stock
FOODS_2_047,CA_1,2.8963594639963337,Maintain Stock
HOUSEHOLD_2_328,CA_1,0.4697381835173045,Reduce Stock
FOODS_1_191,CA_1,0.1316016966864361,Reduce Stock
FOODS_2_140,CA_1,1.1782037996310606,Reduce Stock
HOUSEHOLD_2_160,CA_1,1.330797889888968,Reduce Stock
FOODS_2_277,CA_1,1.119195680137471,Reduce Stock
HOUSEHOLD_1_473,CA_1,5.517728770022702,Increase Stock
HOUSEHOLD_2_253,CA_1,0.2966688498697394,Reduce Stock
FOODS_2_368,CA_1,2.159462402344205,Maintain Stock
HOUSEHOLD_2_023,CA_1,0.7347482259734464,Reduce Stock
HOBBIES_1_107,CA_1,0.2966688498697394,Reduce Stock
HOBBIES_1_074,CA_1,1.5321323719897215,Reduce Stock
FOODS_2_035,CA_1,1.3999793366135724,Reduce Stock
HOUSEHOLD_2_265,CA_1,0.8828294800923331,Reduce Stock
FOODS_3_502,CA_1,2.9616491165739536,Maintain Stock
HOBBIES_2_081,CA_1,0.4939404080380287,Reduce Stock
FOODS_3_274,CA_1,5.512438808942691,Increase Stock
HOUSEHOLD_2_129,CA_1,0.5133771557997102,Reduce Stock
FOODS_2_056,CA_1,2.309199362680999,Maintain Stock
FOODS_2_041,CA_1,1.3678699103851784,Reduce Stock
HOBBIES_1_275,CA_1,1.26253894771646,Reduce Stock
FOODS_3_135,CA_1,8.030443351982948,Increase Stock
HOUSEHOLD_2_001,CA_1,0.4680899717521841,Reduce Stock
HOBBIES_2_025,CA_1,0.340880129164567,Reduce Stock
FOODS_3_558,CA_1,0.6803843966244099,Reduce Stock
FOODS_2_299,CA_1,4.608064546286878,Maintain Stock
FOODS_1_183,CA_1,2.9920812655206683,Maintain Stock
HOUSEHOLD_2_336,CA_1,0.5133771557997102,Reduce Stock
FOODS_3_724,CA_1,0.4078595381874918,Reduce Stock
HOUSEHOLD_1_305,CA_1,0.7548432049674804,Reduce Stock
FOODS_1_005,CA_1,1.64140609347415,Reduce Stock
HOUSEHOLD_1_024,CA_1,1.2227507366088997,Reduce Stock
FOODS_3_638,CA_1,3.0005215771383478,Maintain Stock
HOUSEHOLD_2_104,CA_1,0.517356449187766,Reduce Stock
FOODS_2_196,CA_1,0.351778519915578,Reduce Stock
HOBBIES_1_369,CA_1,5.048769675559602,Increase Stock
HOUSEHOLD_2_013,CA_1,0.4120089534802701,Reduce Stock
FOODS_2_287,CA_1,0.8715436724901908,Reduce Stock
FOODS_3_783,CA_1,7.059994748372639,Increase Stock
HOBBIES_1_283,CA_1,0.6167438929515275,Reduce Stock
HOUSEHOLD_2_511,CA_1,1.8066389088466628,Reduce Stock
HOUSEHOLD_1_319,CA_1,1.9019106345445052,Reduce Stock
FOODS_3_405,CA_1,3.0360613018768365,Maintain Stock
FOODS_3_500,CA_1,0.2966770996211011,Reduce Stock
FOODS_1_196,CA_1,1.2340363130672387,Reduce Stock
HOBBIES_2_083,CA_1,0.3527498681416532,Reduce Stock
HOUSEHOLD_1_181,CA_1,0.6428841888927372,Reduce Stock
HOUSEHOLD_2_323,CA_1,0.3710783537124223,Reduce Stock
HOUSEHOLD_2_254,CA_1,0.1315934469350745,Reduce Stock
FOODS_3_398,CA_1,0.6840899801058027,Reduce Stock
HOUSEHOLD_2_487,CA_1,0.2966688498697394,Reduce Stock
FOODS_1_030,CA_1,1.1759196274067063,Reduce Stock
HOUSEHOLD_1_037,CA_1,0.6080427679274464,Reduce Stock
FOODS_2_182,CA_1,2.210401914261825,Maintain Stock
HOUSEHOLD_1_472,CA_1,0.1499219325058435,Reduce Stock
FOODS_2_369,CA_1,0.9205791946904428,Reduce Stock
HOUSEHOLD_2_118,CA_1,0.9507399845757032,Reduce Stock
FOODS_3_410,CA_1,2.9279416175683832,Maintain Stock
HOUSEHOLD_1_401,CA_1,0.4697381835173045,Reduce Stock
FOODS_3_041,CA_1,6.146928845012088,Increase Stock
FOODS_3_121,CA_1,5.304085776162076,Increase Stock
HOUSEHOLD_1_029,CA_1,1.035431639091721,Reduce Stock
HOBBIES_1_226,CA_1,1.3002900058449178,Reduce Stock
FOODS_3_122,CA_1,0.8681105272931058,Reduce Stock
FOODS_3_711,CA_1,8.475190778068706,Increase Stock
FOODS_3_544,CA_1,0.7313716587290939,Reduce Stock
FOODS_3_501,CA_1,31.18888260918955,Increase Stock
HOBBIES_2_082,CA_1,0.1404564863534312,Reduce Stock
HOBBIES_1_213,CA_1,0.7535711389226912,Reduce Stock
FOODS_3_421,CA_1,1.0756992478773082,Reduce Stock
FOODS_3_329,CA_1,25.287414307228804,Increase Stock
HOUSEHOLD_1_108,CA_1,0.8331430226376557,Reduce Stock
HOBBIES_2_069,CA_1,0.1315934469350745,Reduce Stock
FOODS_1_111,CA_1,0.9884888842307612,Reduce Stock
HOUSEHOLD_1_013,CA_1,0.7888761960839467,Reduce Stock
FOODS_3_514,CA_1,10.575194151744473,Increase Stock
HOUSEHOLD_2_488,CA_1,0.7518397239330928,Reduce Stock
FOODS_3_030,CA_1,8.875907183117134,Increase Stock
FOODS_1_029,CA_1,0.5375876300717959,Reduce Stock
FOODS_3_661,CA_1,5.578504452831627,Increase Stock
HOUSEHOLD_2_407,CA_1,0.4244509994697786,Reduce Stock
HOUSEHOLD_2_259,CA_1,0.3880981080181241,Reduce Stock
FOODS_3_342,CA_1,5.011913474881321,Increase Stock
HOUSEHOLD_1_095,CA_1,0.8222338038598644,Reduce Stock
HOBBIES_1_346,CA_1,1.015086747612604,Reduce Stock
FOODS_3_795,CA_1,4.6963991994205765,Maintain Stock
HOUSEHOLD_1_424,CA_1,0.4120089534802701,Reduce Stock
HOUSEHOLD_2_161,CA_1,0.2966688498697394,Reduce Stock
HOBBIES_1_060,CA_1,0.5583587926095587,Reduce Stock
HOBBIES_2_039,CA_1,0.2966688498697394,Reduce Stock
HOBBIES_1_120,CA_1,0.995877511807171,Reduce Stock
HOUSEHOLD_2_512,CA_1,0.7107946933761075,Reduce Stock
HOBBIES_1_202,CA_1,0.2121576176815566,Reduce Stock
FOODS_3_806,CA_1,0.6428924386440988,Reduce Stock
HOUSEHOLD_1_261,CA_1,0.9993403551007536,Reduce Stock
FOODS_1_004,CA_1,3.37343912643436,Maintain Stock
FOODS_3_178,CA_1,1.3894809638072851,Reduce Stock
FOODS_2_276,CA_1,9.8698575584649,Increase Stock
HOUSEHOLD_2_024,CA_1,0.8750761446051172,Reduce Stock
HOUSEHOLD_1_100,CA_1,1.950622895695543,Reduce Stock
HOUSEHOLD_1_087,CA_1,0.9144466229241104,Reduce Stock
FOODS_3_350,CA_1,0.186703116980913,Reduce Stock
FOODS_3_337,CA_1,0.8904905875589726,Reduce Stock
FOODS_3_018,CA_1,2.2186400739997656,Maintain Stock
FOODS_1_016,CA_1,0.9731185527718668,Reduce Stock
HOUSEHOLD_2_501,CA_1,0.8828294800923331,Reduce Stock
FOODS_2_139,CA_1,1.7720780845275026,Reduce Stock
HOBBIES_1_297,CA_1,2.182004474852149,Maintain Stock
HOUSEHOLD_1_306,CA_1,3.6405128791125057,Maintain Stock
HOBBIES_2_027,CA_1,0.6802514945133944,Reduce Stock
FOODS_3_556,CA_1,0.7293771641533286,Reduce Stock
FOODS_2_293,CA_1,1.737201570987274,Reduce Stock
HOUSEHOLD_2_007,CA_1,0.8449883524166989,Reduce Stock
FOODS_2_184,CA_1,1.4819559997111935,Reduce Stock
HOUSEHOLD_2_116,CA_1,0.1499219325058435,Reduce Stock
HOUSEHOLD_1_404,CA_1,1.485897254492356,Reduce Stock
FOODS_3_038,CA_1,1.225132217671941,Reduce Stock
FOODS_3_504,CA_1,2.489236416305863,Maintain Stock
HOBBIES_2_079,CA_1,0.1315934469350745,Reduce Stock
HOUSEHOLD_2_158,CA_1,0.5868458577560159,Reduce Stock
FOODS_3_267,CA_1,1.8877839593750247,Reduce Stock
HOUSEHOLD_1_089,CA_1,0.5733947803244871,Reduce Stock
FOODS_3_348,CA_1,7.417070529099749,Increase Stock
HOBBIES_1_366,CA_1,0.3683699811978648,Reduce Stock
FOODS_2_048,CA_1,0.7768363507390521,Reduce Stock
FOODS_3_343,CA_1,0.1316016966864361,Reduce Stock
HOUSEHOLD_1_094,CA_1,1.8722388065903024,Reduce Stock
HOUSEHOLD_2_491,CA_1,0.3320170897462103,Reduce Stock
FOODS_1_026,CA_1,1.5377585757902892,Reduce Stock
FOODS_3_641,CA_1,4.101715149596445,Maintain Stock
FOODS_2_142,CA_1,1.2422468058556495,Reduce Stock
HOUSEHOLD_2_264,CA_1,1.2154759131646566,Reduce Stock
HOBBIES_1_295,CA_1,9.581559983721672,Increase Stock
HOUSEHOLD_2_245,CA_1,0.1315934469350745,Reduce Stock
HOBBIES_1_108,CA_1,1.26253894771646,Reduce Stock
HOBBIES_1_063,CA_1,0.2966688498697394,Reduce Stock
HOBBIES_1_117,CA_1,0.526402692428266,Reduce Stock
HOUSEHOLD_2_386,CA_1,0.1866948672295514,Reduce Stock
FOODS_1_185,CA_1,2.8494221585293835,Maintain Stock
HOBBIES_1_073,CA_1,0.680223189841124,Reduce Stock
HOUSEHOLD_2_334,CA_1,0.1315934469350745,Reduce Stock
FOODS_1_132,CA_1,0.6167521427028891,Reduce Stock
FOODS_2_055,CA_1,1.628574338951959,Reduce Stock
HOUSEHOLD_1_101,CA_1,1.272911091814146,Reduce Stock
FOODS_3_336,CA_1,2.1627590615852523,Maintain Stock
HOUSEHOLD_1_264,CA_1,0.8700310993245302,Reduce Stock
FOODS_3_175,CA_1,1.4223707340532328,Reduce Stock
HOUSEHOLD_1_171,CA_1,1.5197547324209817,Reduce Stock
FOODS_3_260,CA_1,1.4752462238613269,Reduce Stock
HOUSEHOLD_1_178,CA_1,0.6186819643720131,Reduce Stock
FOODS_2_036,CA_1,3.3065645755741158,Maintain Stock
FOODS_3_713,CA_1,0.6840899801058027,Reduce Stock
HOUSEHOLD_2_252,CA_1,0.6667279024979059,Reduce Stock
FOODS_3_648,CA_1,1.151188692169109,Reduce Stock
FOODS_3_400,CA_1,3.2698437401012863,Maintain Stock
HOUSEHOLD_1_307,CA_1,1.482073764237713,Reduce Stock
FOODS_2_192,CA_1,3.248494271747558,Maintain Stock
HOUSEHOLD_1_016,CA_1,1.5893090540452433,Reduce Stock
FOODS_3_418,CA_1,3.3900602692666144,Maintain Stock
FOODS_1_120,CA_1,1.551014073301088,Reduce Stock
HOBBIES_1_064,CA_1,0.1499219325058435,Reduce Stock
HOBBIES_1_116,CA_1,0.729368914401967,Reduce Stock
FOODS_3_785,CA_1,26.404601293296995,Increase Stock
HOBBIES_1_224,CA_1,0.5190772338568682,Reduce Stock
HOUSEHOLD_2_108,CA_1,0.1177235177701507,Reduce Stock
FOODS_1_018,CA_1,13.01245869851146,Increase Stock
HOBBIES_1_090,CA_1,5.283182949113805,Increase Stock
HOUSEHOLD_2_499,CA_1,1.7787476758673282,Reduce Stock
FOODS_3_412,CA_1,4.809098942638198,Maintain Stock
HOUSEHOLD_1_022,CA_1,0.7812127364885354,Reduce Stock
FOODS_1_114,CA_1,0.1177317675215124,Reduce Stock
HOUSEHOLD_2_404,CA_1,0.3683699811978648,Reduce Stock
HOUSEHOLD_1_265,CA_1,0.8886534050707996,Reduce Stock
FOODS_3_174,CA_1,0.851107502958166,Reduce Stock
HOBBIES_1_089,CA_1,2.699849484764195,Maintain Stock
FOODS_3_718,CA_1,2.478375639046377,Maintain Stock
HOBBIES_1_289,CA_1,0.1315934469350745,Reduce Stock
FOODS_3_731,CA_1,2.427029740645906,Maintain Stock
FOODS_3_133,CA_1,8.171092893286978,Increase Stock
FOODS_3_125,CA_1,6.628123116651418,Increase Stock
HOUSEHOLD_1_315,CA_1,0.6597269949289984,Reduce Stock
HOBBIES_1_205,CA_1,0.2966688498697394,Reduce Stock
FOODS_3_331,CA_1,2.618739118485665,Maintain Stock
HOUSEHOLD_1_106,CA_1,5.883962014200891,Increase Stock
FOODS_3_803,CA_1,5.461951308928624,Increase Stock
HOUSEHOLD_1_030,CA_1,1.38054314051443,Reduce Stock
FOODS_3_404,CA_1,0.1265948069398691,Reduce Stock
FOODS_2_279,CA_1,1.7128584585903637,Reduce Stock
FOODS_3_546,CA_1,4.5973711969344615,Maintain Stock
HOBBIES_2_029,CA_1,0.5190772338568682,Reduce Stock
FOODS_3_554,CA_1,0.351778519915578,Reduce Stock
HOBBIES_2_037,CA_1,0.6382893494966713,Reduce Stock
HOUSEHOLD_2_003,CA_1,0.561850912521399,Reduce Stock
FOODS_2_297,CA_1,1.127295279501285,Reduce Stock
HOUSEHOLD_2_021,CA_1,0.5133771557997102,Reduce Stock
HOUSEHOLD_2_398,CA_1,0.2966688498697394,Reduce Stock
HOBBIES_1_277,CA_1,1.0036406465482923,Reduce Stock
HOUSEHOLD_1_035,CA_1,0.7654601983929348,Reduce Stock
HOBBIES_1_359,CA_1,0.1404564863534312,Reduce Stock
FOODS_2_193,CA_1,0.8778019342008072,Reduce Stock
HOUSEHOLD_2_107,CA_1,0.1177235177701507,Reduce Stock
HOUSEHOLD_1_107,CA_1,1.831933600881708,Reduce Stock
HOBBIES_1_225,CA_1,0.4244509994697786,Reduce Stock
HOUSEHOLD_1_263,CA_1,0.3320170897462103,Reduce Stock
FOODS_3_176,CA_1,0.2121658674329183,Reduce Stock
HOUSEHOLD_2_014,CA_1,0.5626436332352918,Reduce Stock
FOODS_2_286,CA_1,1.5209564632745862,Reduce Stock
FOODS_1_017,CA_1,1.730924672592601,Reduce Stock
FOODS_3_640,CA_1,2.869455186750136,Maintain Stock
FOODS_3_330,CA_1,5.864254314781223,Increase Stock
HOBBIES_1_367,CA_1,2.194837203165485,Maintain Stock
HOUSEHOLD_2_159,CA_1,1.1381707277516486,Reduce Stock
HOUSEHOLD_2_500,CA_1,0.7460022341211694,Reduce Stock
HOBBIES_2_049,CA_1,0.1177235177701507,Reduce Stock
HOBBIES_1_276,CA_1,0.9597862278162032,Reduce Stock
FOODS_3_732,CA_1,3.825754093807717,Maintain Stock
HOUSEHOLD_1_418,CA_1,15.023244420300609,Increase Stock
FOODS_3_024,CA_1,0.1265948069398691,Reduce Stock
FOODS_3_019,CA_1,3.1656669316583868,Maintain Stock
FOODS_2_141,CA_1,0.8902526481547478,Reduce Stock
FOODS_3_784,CA_1,2.8305453961366367,Maintain Stock
HOUSEHOLD_1_023,CA_1,0.3522029884146656,Reduce Stock
FOODS_3_039,CA_1,7.148590502202678,Increase Stock
FOODS_3_134,CA_1,3.3443080974983923,Maintain Stock
HOUSEHOLD_2_002,CA_1,1.4110510245584802,Reduce Stock
FOODS_2_298,CA_1,0.5375876300717959,Reduce Stock
HOUSEHOLD_2_106,CA_1,0.1315934469350745,Reduce Stock
FOODS_2_194,CA_1,4.788850838591131,Maintain Stock
FOODS_3_411,CA_1,1.4092457969289878,Reduce Stock
HOUSEHOLD_1_088,CA_1,1.168031893913434,Reduce Stock
FOODS_3_349,CA_1,11.699683453923653,Increase Stock
FOODS_3_655,CA_1,3.1789601722913696,Maintain Stock
HOBBIES_1_352,CA_1,1.3002900058449178,Reduce Stock
FOODS_3_259,CA_1,3.698101192716341,Maintain Stock
HOUSEHOLD_1_179,CA_1,4.448191008102726,Maintain Stock
FOODS_3_545,CA_1,1.8504876441555331,Reduce Stock
HOBBIES_2_038,CA_1,0.4333140388881353,Reduce Stock
HOBBIES_1_062,CA_1,0.6472236420925424,Reduce Stock
HOBBIES_1_118,CA_1,0.2966688498697394,Reduce Stock
FOODS_2_361,CA_1,1.9135123981768056,Reduce Stock
HOUSEHOLD_1_480,CA_1,0.4575875165863741,Reduce Stock
HOUSEHOLD_1_403,CA_1,0.729368914401967,Reduce Stock
HOUSEHOLD_1_423,CA_1,0.1315934469350745,Reduce Stock
FOODS_3_503,CA_1,4.4897570861865885,Maintain Stock
HOBBIES_2_080,CA_1,0.3149973354405085,Reduce Stock
FOODS_1_197,CA_1,1.2516874768464676,Reduce Stock
HOUSEHOLD_1_411,CA_1,1.4634087971256216,Reduce Stock
FOODS_1_011,CA_1,0.8904905875589726,Reduce Stock
HOUSEHOLD_2_506,CA_1,0.7535711389226912,Reduce Stock
HOUSEHOLD_1_015,CA_1,0.3527498681416532,Reduce Stock
FOODS_3_419,CA_1,1.4241390493425576,Reduce Stock
FOODS_3_725,CA_1,4.143097008383609,Maintain Stock
HOBBIES_1_282,CA_1,1.548039996283073,Reduce Stock
HOBBIES_2_028,CA_1,1.1930108929824834,Reduce Stock
FOODS_3_555,CA_1,27.225668477815777,Increase Stock
HOBBIES_1_219,CA_1,0.3055318892880961,Reduce Stock
HOUSEHOLD_1_159,CA_1,0.1315934469350745,Reduce Stock
FOODS_3_279,CA_1,1.844387808501721,Reduce Stock
FOODS_3_789,CA_1,4.017420988206505,Maintain Stock
HOUSEHOLD_1_474,CA_1,1.6195051308062975,Reduce Stock
FOODS_2_367,CA_1,0.9584010920423428,Reduce Stock
HOUSEHOLD_2_149,CA_1,0.3527498681416532,Reduce Stock
FOODS_2_151,CA_1,1.1775609728491288,Reduce Stock
FOODS_1_113,CA_1,3.222784280315231,Maintain Stock
HOUSEHOLD_2_405,CA_1,0.789662422913659,Reduce Stock
FOODS_1_203,CA_1,0.8269052784374418,Reduce Stock
HOUSEHOLD_2_246,CA_1,0.3320170897462103,Reduce Stock
HOUSEHOLD_2_316,CA_1,0.5371096296057721,Reduce Stock
HOUSEHOLD_2_022,CA_1,0.5537093406394207,Reduce Stock
FOODS_3_534,CA_1,9.37567880605004,Increase Stock
HOUSEHOLD_2_322,CA_1,1.1280643576106304,Reduce Stock
HOBBIES_2_070,CA_1,0.1315934469350745,Reduce Stock
HOUSEHOLD_2_490,CA_1,0.8922431180191005,Reduce Stock
FOODS_1_027,CA_1,2.037602748605284,Maintain Stock
FOODS_3_513,CA_1,2.746244317715332,Maintain Stock
HOBBIES_1_204,CA_1,1.0527512073342522,Reduce Stock
FOODS_2_349,CA_1,3.391557009681049,Maintain Stock
HOUSEHOLD_1_492,CA_1,0.5925416684308034,Reduce Stock
FOODS_3_804,CA_1,7.603491888954531,Increase Stock
FOODS_3_796,CA_1,0.967137629839706,Reduce Stock
HOBBIES_1_212,CA_1,0.1315934469350745,Reduce Stock
HOBBIES_1_347,CA_1,0.1177235177701507,Reduce Stock
FOODS_3_660,CA_1,1.386918426058385,Reduce Stock
FOODS_3_124,CA_1,9.155503027348548,Increase Stock
HOUSEHOLD_1_316,CA_1,1.5756838058014375,Reduce Stock
FOODS_3_166,CA_1,0.4769612609219024,Reduce Stock
HOUSEHOLD_1_274,CA_1,0.5643644179043942,Reduce Stock
FOODS_2_278,CA_1,0.4218531576389959,Reduce Stock
FOODS_3_031,CA_1,1.3847952383385709,Reduce Stock
FOODS_3_683,CA_1,5.777074659602381,Increase Stock
HOUSEHOLD_1_078,CA_1,1.0695415911821442,Reduce Stock
HOBBIES_1_270,CA_1,0.5190772338568682,Reduce Stock
FOODS_3_612,CA_1,0.7108029431274691,Reduce Stock
HOUSEHOLD_1_228,CA_1,0.7107946933761075,Reduce Stock
FOODS_3_210,CA_1,0.1499301822572051,Reduce Stock
HOBBIES_1_395,CA_1,0.1499219325058435,Reduce Stock
HOBBIES_1_174,CA_1,0.3527498681416532,Reduce Stock
HOBBIES_1_027,CA_1,0.6855590687934192,Reduce Stock
HOBBIES_1_152,CA_1,0.4120089534802701,Reduce Stock
HOBBIES_1_005,CA_1,1.5185295231264366,Reduce Stock
HOBBIES_1_330,CA_1,0.6597269949289984,Reduce Stock
HOUSEHOLD_1_453,CA_1,2.637203199591005,Maintain Stock
FOODS_2_388,CA_1,1.2654823035782663,Reduce Stock
HOUSEHOLD_1_513,CA_1,1.2640762836897068,Reduce Stock
FOODS_3_677,CA_1,0.6856511673547092,Reduce Stock
FOODS_3_590,CA_1,3.704056395506005,Maintain Stock
FOODS_2_250,CA_1,1.9523782902703053,Reduce Stock
HOUSEHOLD_2_050,CA_1,0.5375793803204343,Reduce Stock
FOODS_3_469,CA_1,7.174130244618636,Increase Stock
HOBBIES_2_114,CA_1,0.9065931973767428,Reduce Stock
HOUSEHOLD_2_295,CA_1,0.6597269949289984,Reduce Stock
FOODS_2_005,CA_1,0.8516616382595974,Reduce Stock
HOUSEHOLD_1_142,CA_1,0.8243326135357303,Reduce Stock
FOODS_3_296,CA_1,1.328964451877085,Reduce Stock
FOODS_3_232,CA_1,4.718054454270853,Maintain Stock
FOODS_2_107,CA_1,1.2050088370821377,Reduce Stock
HOBBIES_1_417,CA_1,0.1265865571885075,Reduce Stock
HOUSEHOLD_2_194,CA_1,0.2966688498697394,Reduce Stock
FOODS_2_328,CA_1,0.7654684481442964,Reduce Stock
FOODS_3_767,CA_1,0.1265948069398691,Reduce Stock
FOODS_2_106,CA_1,0.5914582402944786,Reduce Stock
HOUSEHOLD_2_195,CA_1,0.5173137620525734,Reduce Stock
HOUSEHOLD_1_526,CA_1,0.6428841888927372,Reduce Stock
FOODS_2_315,CA_1,4.088300717757424,Maintain Stock
FOODS_3_089,CA_1,0.95925013536202,Reduce Stock
HOUSEHOLD_1_351,CA_1,3.852742744906152,Maintain Stock
HOUSEHOLD_2_216,CA_1,0.5133771557997102,Reduce Stock
FOODS_2_084,CA_1,0.9669836149839092,Reduce Stock
FOODS_3_309,CA_1,0.6280089618338889,Reduce Stock
HOUSEHOLD_1_129,CA_1,1.2524022120705531,Reduce Stock
HOUSEHOLD_1_373,CA_1,2.510379336852512,Maintain Stock
HOBBIES_1_242,CA_1,1.3889470259936514,Reduce Stock
HOUSEHOLD_2_455,CA_1,0.4697381835173045,Reduce Stock
FOODS_3_068,CA_1,0.9382993348256884,Reduce Stock
FOODS_2_170,CA_1,2.2399775315210078,Maintain Stock
FOODS_3_537,CA_1,1.3438859146730455,Reduce Stock
HOBBIES_2_046,CA_1,0.4703216741563524,Reduce Stock
HOUSEHOLD_2_130,CA_1,0.4575875165863741,Reduce Stock
HOBBIES_1_255,CA_1,0.3610660278330223,Reduce Stock
FOODS_3_754,CA_1,0.821489893157423,Reduce Stock
HOBBIES_2_136,CA_1,0.3710783537124223,Reduce Stock
FOODS_3_447,CA_1,0.1265948069398691,Reduce Stock
HOUSEHOLD_2_072,CA_1,1.2038322070503915,Reduce Stock
FOODS_2_228,CA_1,0.4990243305709103,Reduce Stock
FOODS_1_062,CA_1,2.1713409887880912,Maintain Stock
HOBBIES_1_317,CA_1,0.7535711389226912,Reduce Stock
HOUSEHOLD_1_206,CA_1,0.4703216741563524,Reduce Stock
HOUSEHOLD_2_433,CA_1,0.4333852920656499,Reduce Stock
FOODS_3_310,CA_1,2.0969741700058075,Maintain Stock
HOUSEHOLD_1_128,CA_1,1.120661711817622,Reduce Stock
FOODS_3_613,CA_1,1.4228156874975186,Reduce Stock
HOBBIES_1_418,CA_1,1.084680236021768,Reduce Stock
FOODS_3_589,CA_1,0.707633475865285,Reduce Stock
HOBBIES_1_394,CA_1,2.5013025923467085,Maintain Stock
HOBBIES_1_083,CA_1,0.9307120446428718,Reduce Stock
FOODS_3_470,CA_1,1.1871023270354684,Reduce Stock
HOBBIES_2_113,CA_1,0.5958921009965159,Reduce Stock
HOBBIES_1_097,CA_1,0.8676734988121089,Reduce Stock
HOBBIES_1_256,CA_1,8.276805005600101,Increase Stock
HOUSEHOLD_2_281,CA_1,0.2032945782631999,Reduce Stock
FOODS_3_753,CA_1,3.5411252373194237,Maintain Stock
HOUSEHOLD_1_439,CA_1,5.060371063120086,Increase Stock
FOODS_2_108,CA_1,0.7518479736844544,Reduce Stock
HOUSEHOLD_2_193,CA_1,0.671176946600624,Reduce Stock
HOBBIES_1_175,CA_1,0.2966688498697394,Reduce Stock
HOBBIES_1_004,CA_1,1.9236756338557477,Reduce Stock
FOODS_3_091,CA_1,1.4650483730080832,Reduce Stock
HOUSEHOLD_1_349,CA_1,1.6501149491906906,Reduce Stock
FOODS_2_329,CA_1,1.0642567336705215,Reduce Stock
HOUSEHOLD_1_512,CA_1,0.527940273275225,Reduce Stock
FOODS_2_251,CA_1,0.9188469647577926,Reduce Stock
HOUSEHOLD_2_049,CA_1,0.7857354880781304,Reduce Stock
FOODS_3_003,CA_1,0.7108029431274691,Reduce Stock
FOODS_1_084,CA_1,0.1316016966864361,Reduce Stock
FOODS_2_019,CA_1,16.87350231444869,Increase Stock
HOBBIES_1_028,CA_1,0.871512473530387,Reduce Stock
FOODS_1_163,CA_1,0.646501494542751,Reduce Stock
HOUSEHOLD_2_355,CA_1,0.1499219325058435,Reduce Stock
FOODS_3_090,CA_1,73.82044332606979,Increase Stock
HOUSEHOLD_1_350,CA_1,1.4502095649771898,Reduce Stock
FOODS_3_383,CA_1,4.557009231822232,Maintain Stock
HOUSEHOLD_1_053,CA_1,3.6555190611355712,Maintain Stock
HOUSEHOLD_2_456,CA_1,0.3320170897462103,Reduce Stock
FOODS_1_061,CA_1,2.216645192060899,Maintain Stock
HOUSEHOLD_2_217,CA_1,1.1650755053305493,Reduce Stock
FOODS_2_083,CA_1,1.0860169985148738,Reduce Stock
HOUSEHOLD_1_067,CA_1,2.115691070533738,Maintain Stock
HOBBIES_1_151,CA_1,0.7107946933761075,Reduce Stock
FOODS_3_369,CA_1,1.7598608255340369,Reduce Stock
HOUSEHOLD_2_073,CA_1,0.4333852920656499,Reduce Stock
FOODS_2_227,CA_1,0.4218531576389959,Reduce Stock
FOODS_3_067,CA_1,3.8376234608582895,Maintain Stock
HOUSEHOLD_2_369,CA_1,1.021501459188742,Reduce Stock
FOODS_1_149,CA_1,1.5896084385158524,Reduce Stock
HOUSEHOLD_1_229,CA_1,0.6054898848038045,Reduce Stock
FOODS_3_209,CA_1,1.1499114606971306,Reduce Stock
FOODS_3_691,CA_1,0.8276158231242154,Reduce Stock
HOBBIES_1_316,CA_1,0.7514177303473267,Reduce Stock
HOBBIES_2_137,CA_1,0.3683699811978648,Reduce Stock
FOODS_3_446,CA_1,4.250615144599853,Maintain Stock
HOUSEHOLD_1_374,CA_1,0.8922431180191005,Reduce Stock
FOODS_3_690,CA_1,0.3522112381660273,Reduce Stock
HOUSEHOLD_2_434,CA_1,1.489722319610951,Reduce Stock
FOODS_1_083,CA_1,2.8127932482662383,Maintain Stock
HOBBIES_1_007,CA_1,0.6080427679274464,Reduce Stock
HOUSEHOLD_2_070,CA_1,0.7548432049674804,Reduce Stock
FOODS_2_230,CA_1,1.0095080666111227,Reduce Stock
FOODS_3_766,CA_1,0.8922513677704621,Reduce Stock
HOBBIES_1_243,CA_1,0.5254980210697443,Reduce Stock
FOODS_2_248,CA_1,0.6839374692010842,Reduce Stock
HOUSEHOLD_2_052,CA_1,0.7518397239330928,Reduce Stock
FOODS_3_308,CA_1,1.147563250207887,Reduce Stock
HOUSEHOLD_1_130,CA_1,4.240157897682075,Maintain Stock
HOUSEHOLD_1_226,CA_1,2.398327084231348,Maintain Stock
FOODS_3_212,CA_1,0.754851454718842,Reduce Stock
HOBBIES_1_172,CA_1,0.983918314656387,Reduce Stock
FOODS_3_230,CA_1,4.606648123124997,Maintain Stock
HOBBIES_1_025,CA_1,0.6839292194497226,Reduce Stock
HOBBIES_1_154,CA_1,2.1038398178067794,Maintain Stock
HOBBIES_1_329,CA_1,2.6128712569219865,Maintain Stock
FOODS_3_678,CA_1,0.914454872675472,Reduce Stock
HOBBIES_1_254,CA_1,7.049463659628833,Increase Stock
FOODS_3_755,CA_1,13.08286619612055,Increase Stock
FOODS_1_082,CA_1,9.225638706545883,Increase Stock
HOUSEHOLD_1_298,CA_1,0.9597862278162032,Reduce Stock
FOODS_3_142,CA_1,2.7589760294525614,Maintain Stock
HOUSEHOLD_2_435,CA_1,0.2032945782631999,Reduce Stock
HOUSEHOLD_2_215,CA_1,0.4167143278544868,Reduce Stock
HOUSEHOLD_1_208,CA_1,2.462366606301167,Maintain Stock
HOBBIES_1_415,CA_1,1.6496889115048587,Reduce Stock
HOBBIES_1_318,CA_1,0.9597862278162032,Reduce Stock
FOODS_1_064,CA_1,0.2033028280145615,Reduce Stock
FOODS_2_086,CA_1,1.2729193415655076,Reduce Stock
HOBBIES_1_414,CA_1,0.4680899717521841,Reduce Stock
FOODS_3_593,CA_1,1.3147481854063527,Reduce Stock
HOUSEHOLD_1_371,CA_1,1.010473573830914,Reduce Stock
FOODS_3_070,CA_1,2.849878663224554,Maintain Stock
FOODS_1_161,CA_1,2.3031192407291963,Maintain Stock
HOUSEHOLD_2_357,CA_1,0.517356449187766,Reduce Stock
FOODS_3_001,CA_1,0.3527581178930149,Reduce Stock
FOODS_3_466,CA_1,0.1177317675215124,Reduce Stock
HOBBIES_2_117,CA_1,0.4939404080380287,Reduce Stock
HOUSEHOLD_1_441,CA_1,6.319571246878297,Increase Stock
FOODS_3_689,CA_1,2.787858747292875,Maintain Stock
HOBBIES_2_134,CA_1,0.526402692428266,Reduce Stock
HOUSEHOLD_1_354,CA_1,2.1858226296395307,Maintain Stock
FOODS_3_449,CA_1,5.809055431499637,Increase Stock
HOUSEHOLD_1_065,CA_1,1.175333746082884,Reduce Stock
FOODS_3_371,CA_1,0.4120172032316318,Reduce Stock
FOODS_3_610,CA_1,0.906939476592481,Reduce Stock
HOBBIES_1_397,CA_1,1.9236756338557477,Reduce Stock
FOODS_2_104,CA_1,0.821489893157423,Reduce Stock
HOUSEHOLD_2_197,CA_1,1.238354059636336,Reduce Stock
HOUSEHOLD_1_525,CA_1,0.893804305268007,Reduce Stock
FOODS_2_316,CA_1,2.4190967979128475,Maintain Stock
HOUSEHOLD_2_453,CA_1,1.3447165178192615,Reduce Stock
FOODS_3_087,CA_1,7.252848033899117,Increase Stock
FOODS_3_592,CA_1,6.036824814638504,Increase Stock
FOODS_2_085,CA_1,1.4092457969289878,Reduce Stock
FOODS_2_327,CA_1,2.5294663131918806,Maintain Stock
FOODS_3_611,CA_1,1.6948404569529247,Reduce Stock
HOBBIES_1_396,CA_1,0.1265865571885075,Reduce Stock
HOBBIES_1_173,CA_1,0.9518143890658056,Reduce Stock
HOUSEHOLD_1_227,CA_1,1.848075076638634,Reduce Stock
FOODS_3_211,CA_1,1.6360958079908623,Reduce Stock
HOBBIES_1_006,CA_1,1.4627531963981593,Reduce Stock
HOBBIES_2_052,CA_1,0.1315934469350745,Reduce Stock
FOODS_3_531,CA_1,1.2966209636930184,Reduce Stock
FOODS_2_018,CA_1,0.5375876300717959,Reduce Stock
HOUSEHOLD_2_282,CA_1,0.7548432049674804,Reduce Stock
HOBBIES_1_026,CA_1,0.526402692428266,Reduce Stock
HOUSEHOLD_2_356,CA_1,0.1315934469350745,Reduce Stock
HOBBIES_1_153,CA_1,1.9066474205789925,Reduce Stock
HOUSEHOLD_2_051,CA_1,0.8214816434060614,Reduce Stock
HOBBIES_1_416,CA_1,2.027695552713004,Maintain Stock
FOODS_3_591,CA_1,1.355939924099271,Reduce Stock
HOUSEHOLD_1_066,CA_1,8.777422384631144,Increase Stock
FOODS_3_370,CA_1,0.1177317675215124,Reduce Stock
FOODS_3_002,CA_1,1.6668096488255384,Reduce Stock
HOUSEHOLD_1_440,CA_1,2.423658533171004,Maintain Stock
FOODS_3_231,CA_1,5.57507323725395,Increase Stock
FOODS_3_468,CA_1,4.045493928754065,Maintain Stock
HOBBIES_2_115,CA_1,1.3318233710613676,Reduce Stock
HOUSEHOLD_1_207,CA_1,0.526402692428266,Reduce Stock
FOODS_2_249,CA_1,1.912824162985755,Reduce Stock
FOODS_1_162,CA_1,3.591119738375404,Maintain Stock
FOODS_2_229,CA_1,0.4333935418170116,Reduce Stock
HOUSEHOLD_2_071,CA_1,0.4244509994697786,Reduce Stock
HOUSEHOLD_1_514,CA_1,8.557810296419497,Increase Stock
HOUSEHOLD_1_141,CA_1,1.272379084576416,Reduce Stock
FOODS_3_297,CA_1,1.1619936711861376,Reduce Stock
FOODS_3_467,CA_1,1.4092211168878097,Reduce Stock
HOBBIES_2_116,CA_1,0.3880981080181241,Reduce Stock
HOUSEHOLD_1_372,CA_1,1.178195549879699,Reduce Stock
FOODS_3_069,CA_1,0.5618591622727606,Reduce Stock
HOUSEHOLD_1_452,CA_1,0.1177235177701507,Reduce Stock
FOODS_2_389,CA_1,1.024580168221729,Reduce Stock
FOODS_3_088,CA_1,1.4721223576379818,Reduce Stock
HOUSEHOLD_1_353,CA_1,1.1964295612573832,Reduce Stock
FOODS_3_382,CA_1,2.356901236477055,Maintain Stock
HOUSEHOLD_1_054,CA_1,0.3880981080181241,Reduce Stock
HOBBIES_2_135,CA_1,0.6694214476775009,Reduce Stock
FOODS_2_105,CA_1,0.982365377158842,Reduce Stock
HOUSEHOLD_2_196,CA_1,1.194173744069707,Reduce Stock
FOODS_3_448,CA_1,5.086883135035348,Increase Stock
HOUSEHOLD_2_294,CA_1,1.4110510245584802,Reduce Stock
FOODS_2_006,CA_1,0.7179817905714097,Reduce Stock
HOUSEHOLD_2_126,CA_1,0.6428841888927372,Reduce Stock
FOODS_2_174,CA_1,1.5748787791746832,Reduce Stock
HOUSEHOLD_2_454,CA_1,0.5375793803204343,Reduce Stock
FOODS_1_063,CA_1,1.7967971183620397,Reduce Stock
HOUSEHOLD_2_368,CA_1,0.1315934469350745,Reduce Stock
FOODS_1_150,CA_1,0.8575811771483908,Reduce Stock
HOUSEHOLD_1_527,CA_1,1.4686947659257543,Reduce Stock
FOODS_2_314,CA_1,0.6367454243420043,Reduce Stock
HOUSEHOLD_2_457,CA_1,0.6846543974348978,Reduce Stock
FOODS_1_060,CA_1,0.9498731712683554,Reduce Stock
FOODS_2_080,CA_1,3.248140780010724,Maintain Stock
FOODS_3_473,CA_1,9.31682024937322,Increase Stock
HOBBIES_2_110,CA_1,0.1315934469350745,Reduce Stock
HOUSEHOLD_1_377,CA_1,0.2469335505456053,Reduce Stock
FOODS_3_064,CA_1,38.05246731870775,Increase Stock
HOBBIES_1_258,CA_1,1.3437691798275713,Reduce Stock
FOODS_3_751,CA_1,2.568679782589768,Maintain Stock
FOODS_3_385,CA_1,2.02103015439086,Maintain Stock
HOUSEHOLD_2_460,CA_1,0.1177235177701507,Reduce Stock
FOODS_1_057,CA_1,2.189925031430171,Maintain Stock
HOUSEHOLD_1_051,CA_1,4.646497783543889,Maintain Stock
HOUSEHOLD_2_220,CA_1,0.4697381835173045,Reduce Stock
HOBBIES_2_140,CA_1,0.5254980210697443,Reduce Stock
FOODS_2_223,CA_1,1.240025470085511,Reduce Stock
FOODS_3_443,CA_1,0.2469418002969669,Reduce Stock
FOODS_2_331,CA_1,1.0875069890144389,Reduce Stock
HOUSEHOLD_1_510,CA_1,1.3453303670764782,Reduce Stock
FOODS_3_616,CA_1,1.4604533903772812,Reduce Stock
HOBBIES_1_391,CA_1,0.5133771557997102,Reduce Stock
HOUSEHOLD_1_233,CA_1,0.5503135378904122,Reduce Stock
FOODS_3_205,CA_1,0.9498731712683554,Reduce Stock
HOUSEHOLD_2_371,CA_1,0.4167143278544868,Reduce Stock
FOODS_1_147,CA_1,0.4120172032316318,Reduce Stock
HOUSEHOLD_1_456,CA_1,1.5832242612169634,Reduce Stock
HOUSEHOLD_2_077,CA_1,0.4120089534802701,Reduce Stock
FOODS_2_385,CA_1,2.203019943817094,Maintain Stock
HOUSEHOLD_1_346,CA_1,1.3921215146781172,Reduce Stock
FOODS_3_294,CA_1,2.014261586901932,Maintain Stock
FOODS_3_586,CA_1,55.78160554910942,Increase Stock
HOBBIES_1_332,CA_1,0.7518397239330928,Reduce Stock
FOODS_3_675,CA_1,3.6005648289502314,Maintain Stock
HOUSEHOLD_1_069,CA_1,0.7107946933761075,Reduce Stock
FOODS_3_367,CA_1,1.3318316208127292,Reduce Stock
FOODS_2_253,CA_1,0.967137629839706,Reduce Stock
HOBBIES_2_062,CA_1,0.526402692428266,Reduce Stock
FOODS_3_521,CA_1,1.1664789564158886,Reduce Stock
HOUSEHOLD_2_047,CA_1,1.0972693086285032,Reduce Stock
FOODS_3_235,CA_1,0.6701594713476233,Reduce Stock
HOUSEHOLD_1_293,CA_1,2.272195563744439,Maintain Stock
FOODS_3_094,CA_1,1.0104818235822757,Reduce Stock
HOBBIES_1_031,CA_1,0.4703216741563524,Reduce Stock
FOODS_3_147,CA_1,1.0132342950110518,Reduce Stock
FOODS_3_693,CA_1,0.3683782309492265,Reduce Stock
HOBBIES_1_314,CA_1,0.4703216741563524,Reduce Stock
HOUSEHOLD_1_203,CA_1,0.1499219325058435,Reduce Stock
FOODS_1_087,CA_1,2.8077143942451936,Maintain Stock
FOODS_2_111,CA_1,0.2966770996211011,Reduce Stock
HOUSEHOLD_2_190,CA_1,0.6472236420925424,Reduce Stock
HOUSEHOLD_2_430,CA_1,0.1499219325058435,Reduce Stock
HOUSEHOLD_1_144,CA_1,0.893804305268007,Reduce Stock
FOODS_3_312,CA_1,1.8354874307571627,Reduce Stock
HOUSEHOLD_1_126,CA_1,0.8214816434060614,Reduce Stock
HOBBIES_1_148,CA_1,1.8841215065711967,Reduce Stock
HOBBIES_1_178,CA_1,4.4171625470024445,Maintain Stock
HOBBIES_1_422,CA_1,0.1177235177701507,Reduce Stock
FOODS_3_585,CA_1,2.175738184855678,Maintain Stock
HOUSEHOLD_1_529,CA_1,0.9823571274074804,Reduce Stock
FOODS_2_312,CA_1,0.5133854055510718,Reduce Stock
HOUSEHOLD_2_078,CA_1,0.4697381835173045,Reduce Stock
FOODS_2_222,CA_1,5.858431505328705,Increase Stock
HOUSEHOLD_1_070,CA_1,0.9993403551007536,Reduce Stock
FOODS_3_366,CA_1,0.8332039027054486,Reduce Stock
HOUSEHOLD_1_378,CA_1,0.2966688498697394,Reduce Stock
FOODS_3_063,CA_1,1.3849956785775344,Reduce Stock
HOUSEHOLD_1_234,CA_1,3.964682705558057,Maintain Stock
FOODS_3_204,CA_1,1.2179684864414153,Reduce Stock
FOODS_3_770,CA_1,1.3289926622594757,Reduce Stock
FOODS_1_056,CA_1,1.4814972620415914,Reduce Stock
HOBBIES_1_239,CA_1,0.4244509994697786,Reduce Stock
FOODS_3_156,CA_1,3.86894394610753,Maintain Stock
FOODS_3_694,CA_1,13.522500738733225,Increase Stock
HOBBIES_1_313,CA_1,1.742857655249507,Reduce Stock
HOBBIES_1_423,CA_1,1.731158169119479,Reduce Stock
FOODS_3_584,CA_1,0.279751046312488,Reduce Stock
HOBBIES_2_141,CA_1,0.7947004954590868,Reduce Stock
FOODS_3_442,CA_1,0.4575957663377358,Reduce Stock
HOBBIES_1_033,CA_1,0.610733781272874,Reduce Stock
HOBBIES_1_146,CA_1,0.5375793803204343,Reduce Stock
HOBBIES_1_333,CA_1,0.4405677622806723,Reduce Stock
FOODS_3_674,CA_1,1.74334609834379,Reduce Stock
HOUSEHOLD_1_284,CA_1,0.962637197945872,Reduce Stock
HOUSEHOLD_2_461,CA_1,0.1315934469350745,Reduce Stock
FOODS_2_079,CA_1,1.09880448612835,Reduce Stock
HOUSEHOLD_2_221,CA_1,0.4911734661113635,Reduce Stock
HOBBIES_1_001,CA_1,1.166470706664527,Reduce Stock
HOBBIES_1_032,CA_1,4.4884396788119965,Maintain Stock
HOBBIES_1_147,CA_1,8.96427589087749,Increase Stock
FOODS_2_021,CA_1,8.794222122964024,Increase Stock
HOUSEHOLD_2_279,CA_1,0.3320170897462103,Reduce Stock
HOUSEHOLD_2_298,CA_1,0.5472544843832774,Reduce Stock
FOODS_2_002,CA_1,0.8384041037805305,Reduce Stock
FOODS_2_254,CA_1,0.6428924386440988,Reduce Stock
HOUSEHOLD_2_046,CA_1,0.5537093406394207,Reduce Stock
FOODS_2_112,CA_1,2.102683717808808,Maintain Stock
HOUSEHOLD_2_189,CA_1,0.3980370521891791,Reduce Stock
FOODS_3_236,CA_1,3.925595226891181,Maintain Stock
HOUSEHOLD_1_202,CA_1,2.787621113756202,Maintain Stock
FOODS_3_095,CA_1,0.7724971256285043,Reduce Stock
HOUSEHOLD_1_345,CA_1,0.5201465144092355,Reduce Stock
FOODS_1_167,CA_1,0.5914582402944786,Reduce Stock
HOUSEHOLD_2_352,CA_1,0.8400530345457493,Reduce Stock
FOODS_3_005,CA_1,0.517322011803935,Reduce Stock
HOUSEHOLD_1_437,CA_1,5.727745981576041,Increase Stock
FOODS_1_088,CA_1,6.47129134414984,Increase Stock
HOUSEHOLD_2_429,CA_1,0.2966688498697394,Reduce Stock
HOUSEHOLD_2_131,CA_1,0.3527498681416532,Reduce Stock
FOODS_2_169,CA_1,0.9188469647577926,Reduce Stock
FOODS_3_474,CA_1,5.611561510333848,Increase Stock
HOBBIES_2_109,CA_1,0.9728506255403137,Reduce Stock
HOBBIES_1_421,CA_1,0.9993403551007536,Reduce Stock
HOUSEHOLD_2_214,CA_1,0.8131875606193645,Reduce Stock
HOBBIES_1_002,CA_1,0.4575875165863741,Reduce Stock
HOUSEHOLD_1_232,CA_1,1.057314342100316,Reduce Stock
HOBBIES_2_138,CA_1,0.1404564863534312,Reduce Stock
FOODS_3_445,CA_1,0.9765813960654496,Reduce Stock
FOODS_1_164,CA_1,0.1316016966864361,Reduce Stock
HOUSEHOLD_2_354,CA_1,0.5732274573227509,Reduce Stock
HOUSEHOLD_1_143,CA_1,1.8215656858892173,Reduce Stock
FOODS_3_295,CA_1,26.289963514535152,Increase Stock
FOODS_3_471,CA_1,0.5618591622727606,Reduce Stock
HOBBIES_2_112,CA_1,0.3527498681416532,Reduce Stock
FOODS_3_614,CA_1,0.1265948069398691,Reduce Stock
FOODS_2_109,CA_1,2.1637872963058578,Maintain Stock
HOUSEHOLD_2_192,CA_1,0.1177235177701507,Reduce Stock
FOODS_3_066,CA_1,6.996556331667632,Increase Stock
HOBBIES_1_393,CA_1,0.4163655377599481,Reduce Stock
FOODS_3_368,CA_1,0.4798765634456864,Reduce Stock
FOODS_3_384,CA_1,0.7535793886740528,Reduce Stock
HOUSEHOLD_1_052,CA_1,0.8229589818450396,Reduce Stock
FOODS_3_092,CA_1,0.1124912691499705,Reduce Stock
HOUSEHOLD_1_348,CA_1,2.285623627611675,Maintain Stock
HOBBIES_1_176,CA_1,0.9454448281396354,Reduce Stock
HOBBIES_1_003,CA_1,0.9680109674588616,Reduce Stock
FOODS_3_692,CA_1,6.691956470406821,Increase Stock
HOBBIES_1_315,CA_1,0.3527498681416532,Reduce Stock
FOODS_2_252,CA_1,0.463004465336316,Reduce Stock
HOUSEHOLD_2_458,CA_1,0.2966688498697394,Reduce Stock
HOUSEHOLD_1_068,CA_1,2.4608688360232738,Maintain Stock
FOODS_1_059,CA_1,0.7289059753514489,Reduce Stock
HOBBIES_1_150,CA_1,1.4067522646171449,Reduce Stock
HOUSEHOLD_1_375,CA_1,0.1315934469350745,Reduce Stock
FOODS_3_233,CA_1,20.39917551829692,Increase Stock
HOUSEHOLD_1_205,CA_1,1.2741669425479103,Reduce Stock
HOUSEHOLD_1_454,CA_1,1.1766388282637974,Reduce Stock
FOODS_2_387,CA_1,1.0860169985148738,Reduce Stock
FOODS_1_009,CA_1,1.5418771195012069,Reduce Stock
HOUSEHOLD_2_508,CA_1,0.2966688498697394,Reduce Stock
FOODS_3_768,CA_1,4.015673004036143,Maintain Stock
HOBBIES_1_241,CA_1,5.291249195959494,Increase Stock
HOUSEHOLD_2_074,CA_1,2.828385078460312,Maintain Stock
FOODS_2_226,CA_1,0.186703116980913,Reduce Stock
FOODS_1_085,CA_1,8.096558032567117,Increase Stock
HOBBIES_1_029,CA_1,1.523893108025154,Reduce Stock
HOUSEHOLD_2_432,CA_1,0.6650796907327855,Reduce Stock
FOODS_3_208,CA_1,4.176718540497613,Maintain Stock
HOUSEHOLD_2_218,CA_1,0.1315934469350745,Reduce Stock
FOODS_3_148,CA_1,8.390447848379663,Increase Stock
HOUSEHOLD_1_292,CA_1,1.9236756338557477,Reduce Stock
FOODS_2_082,CA_1,1.661802639750087,Reduce Stock
HOBBIES_1_331,CA_1,0.3969611474364808,Reduce Stock
FOODS_3_676,CA_1,3.191784117758431,Maintain Stock
HOUSEHOLD_2_296,CA_1,0.3683699811978648,Reduce Stock
FOODS_2_004,CA_1,1.0846884857731296,Reduce Stock
HOBBIES_1_419,CA_1,0.3149973354405085,Reduce Stock
FOODS_3_588,CA_1,2.0044424930478457,Maintain Stock
HOUSEHOLD_1_230,CA_1,0.1499219325058435,Reduce Stock
HOUSEHOLD_2_048,CA_1,0.4911734661113635,Reduce Stock
HOUSEHOLD_2_370,CA_1,0.3149973354405085,Reduce Stock
HOUSEHOLD_2_075,CA_1,0.8664359668153859,Reduce Stock
HOUSEHOLD_2_191,CA_1,1.104070674938911,Reduce Stock
HOUSEHOLD_1_376,CA_1,2.335409381769319,Maintain Stock
FOODS_3_065,CA_1,1.0181064940315043,Reduce Stock
HOUSEHOLD_1_455,CA_1,1.8156851520871629,Reduce Stock
FOODS_2_386,CA_1,0.8922513677704621,Reduce Stock
FOODS_3_093,CA_1,1.2744805288144143,Reduce Stock
HOUSEHOLD_1_347,CA_1,0.5469131540803096,Reduce Stock
HOUSEHOLD_1_528,CA_1,0.6839292194497226,Reduce Stock
FOODS_2_313,CA_1,0.4333935418170116,Reduce Stock
HOBBIES_2_139,CA_1,0.1315934469350745,Reduce Stock
HOUSEHOLD_2_459,CA_1,0.4680899717521841,Reduce Stock
FOODS_2_110,CA_1,0.6564853966598502,Reduce Stock
FOODS_1_058,CA_1,3.839444751471442,Maintain Stock
HOUSEHOLD_2_297,CA_1,0.6231987492076706,Reduce Stock
FOODS_2_003,CA_1,1.2177878642726936,Reduce Stock
FOODS_3_615,CA_1,3.186303916178637,Maintain Stock
HOBBIES_1_392,CA_1,1.430260923765245,Reduce Stock
HOUSEHOLD_2_076,CA_1,0.5885666424251184,Reduce Stock
FOODS_2_224,CA_1,0.9475256415871862,Reduce Stock
FOODS_3_769,CA_1,5.610106301654839,Increase Stock
HOBBIES_1_240,CA_1,1.1964295612573832,Reduce Stock
FOODS_1_166,CA_1,1.8450975544254904,Reduce Stock
HOUSEHOLD_2_353,CA_1,0.953590954705372,Reduce Stock
HOBBIES_1_177,CA_1,1.533506477966148,Reduce Stock
FOODS_3_444,CA_1,22.143830127336884,Increase Stock
FOODS_2_081,CA_1,4.03510152565006,Maintain Stock
HOUSEHOLD_2_219,CA_1,0.6054898848038045,Reduce Stock
HOBBIES_2_111,CA_1,0.1315934469350745,Reduce Stock
FOODS_2_225,CA_1,2.383529807509145,Maintain Stock
FOODS_1_148,CA_1,0.1316016966864361,Reduce Stock
FOODS_3_311,CA_1,1.8044814138391077,Reduce Stock
HOUSEHOLD_1_127,CA_1,1.4164724393836283,Reduce Stock
FOODS_2_161,CA_1,0.1316016966864361,Reduce Stock
HOUSEHOLD_2_139,CA_1,1.564014362010198,Reduce Stock
HOUSEHOLD_1_231,CA_1,1.0701018297137923,Reduce Stock
FOODS_3_207,CA_1,2.062239091431505,Maintain Stock
FOODS_3_234,CA_1,8.794833777128929,Increase Stock
HOUSEHOLD_1_204,CA_1,5.312588455335352,Increase Stock
HOBBIES_1_420,CA_1,1.106315551869003,Reduce Stock
FOODS_3_587,CA_1,33.57548530491861,Increase Stock
FOODS_2_020,CA_1,0.7518479736844544,Reduce Stock
HOBBIES_1_257,CA_1,0.3320170897462103,Reduce Stock
FOODS_3_752,CA_1,8.500617397898454,Increase Stock
HOUSEHOLD_2_280,CA_1,0.5626436332352918,Reduce Stock
FOODS_1_086,CA_1,7.257576873292756,Increase Stock
HOBBIES_1_030,CA_1,6.65510705022726,Increase Stock
HOBBIES_1_149,CA_1,0.6143529242221613,Reduce Stock
HOUSEHOLD_2_431,CA_1,0.3880981080181241,Reduce Stock
FOODS_3_004,CA_1,1.125571125799424,Reduce Stock
FOODS_2_330,CA_1,0.5643726676557558,Reduce Stock
HOUSEHOLD_1_511,CA_1,0.6846543974348978,Reduce Stock
HOUSEHOLD_1_438,CA_1,0.3260980631766986,Reduce Stock
FOODS_3_472,CA_1,0.4911817158627252,Reduce Stock
FOODS_3_206,CA_1,1.7697652560114026,Reduce Stock
FOODS_3_313,CA_1,6.124259724398804,Increase Stock
HOUSEHOLD_2_283,CA_1,0.5190772338568682,Reduce Stock
HOUSEHOLD_2_293,CA_1,0.2966688498697394,Reduce Stock
HOUSEHOLD_1_061,CA_1,1.1459736402694871,Reduce Stock
FOODS_3_375,CA_1,0.1265948069398691,Reduce Stock
HOUSEHOLD_2_286,CA_1,0.9402989490447912,Reduce Stock
HOUSEHOLD_1_219,CA_1,0.7946026046462197,Reduce Stock
FOODS_3_219,CA_1,9.356768870158222,Increase Stock
HOUSEHOLD_1_366,CA_1,0.1177235177701507,Reduce Stock
FOODS_3_075,CA_1,1.1635548584350446,Reduce Stock
HOBBIES_1_018,CA_1,0.526402692428266,Reduce Stock
HOBBIES_1_161,CA_1,0.9768740068772184,Reduce Stock
FOODS_3_685,CA_1,2.843271032010555,Maintain Stock
HOBBIES_1_322,CA_1,0.526402692428266,Reduce Stock
FOODS_2_014,CA_1,2.8570668761021616,Maintain Stock
FOODS_2_397,CA_1,0.9941130927422824,Reduce Stock
HOBBIES_2_129,CA_1,3.803095640162389,Maintain Stock
HOBBIES_1_408,CA_1,2.066936437979125,Maintain Stock
FOODS_3_599,CA_1,2.8352021617904333,Maintain Stock
HOUSEHOLD_2_509,CA_1,0.9507399845757032,Reduce Stock
FOODS_1_008,CA_1,0.3150055851918701,Reduce Stock
FOODS_3_454,CA_1,1.2829985874269836,Reduce Stock
FOODS_3_304,CA_1,2.7815787260203715,Maintain Stock
HOUSEHOLD_1_134,CA_1,0.9279670073238008,Reduce Stock
FOODS_3_460,CA_1,5.178853292943747,Increase Stock
HOBBIES_2_123,CA_1,0.3238603748588652,Reduce Stock
HOUSEHOLD_1_522,CA_1,0.9626650460569012,Reduce Stock
HOUSEHOLD_1_444,CA_1,0.8214816434060614,Reduce Stock
FOODS_2_319,CA_1,0.8210011789907226,Reduce Stock
FOODS_2_091,CA_1,1.4814972620415914,Reduce Stock
HOUSEHOLD_2_063,CA_1,0.2966688498697394,Reduce Stock
FOODS_2_394,CA_1,0.5618591622727606,Reduce Stock
FOODS_3_459,CA_1,1.93813609143762,Reduce Stock
HOBBIES_2_124,CA_1,0.7736814975418974,Reduce Stock
FOODS_3_378,CA_1,2.358769534823689,Maintain Stock
HOUSEHOLD_1_058,CA_1,0.7946026046462197,Reduce Stock
FOODS_2_242,CA_1,1.3303984312669743,Reduce Stock
FOODS_3_080,CA_1,24.52867079253152,Increase Stock
HOUSEHOLD_1_361,CA_1,5.759787569441349,Increase Stock
HOUSEHOLD_2_058,CA_1,0.4697381835173045,Reduce Stock
HOUSEHOLD_2_289,CA_1,1.1381707277516486,Reduce Stock
FOODS_2_011,CA_1,0.6428924386440988,Reduce Stock
FOODS_2_237,CA_1,1.6042629775401402,Reduce Stock
FOODS_3_224,CA_1,3.4893030997865844,Maintain Stock
FOODS_2_096,CA_1,0.186703116980913,Reduce Stock
HOUSEHOLD_2_204,CA_1,0.1315934469350745,Reduce Stock
HOUSEHOLD_2_364,CA_1,0.5133771557997102,Reduce Stock
FOODS_1_154,CA_1,1.9102137214940131,Reduce Stock
FOODS_1_157,CA_1,0.3710866034637839,Reduce Stock
HOUSEHOLD_2_361,CA_1,0.1315934469350745,Reduce Stock
FOODS_1_076,CA_1,0.8243408632870919,Reduce Stock
HOUSEHOLD_2_446,CA_1,0.1177235177701507,Reduce Stock
FOODS_1_071,CA_1,2.425754757977077,Maintain Stock
HOUSEHOLD_2_441,CA_1,0.2966688498697394,Reduce Stock
HOUSEHOLD_2_209,CA_1,0.4078512884361301,Reduce Stock
HOUSEHOLD_1_214,CA_1,5.077350468798795,Increase Stock
HOUSEHOLD_1_447,CA_1,6.347508408474811,Increase Stock
FOODS_3_081,CA_1,1.0280430115153116,Reduce Stock
FOODS_3_605,CA_1,0.9680192172102232,Reduce Stock
HOBBIES_1_160,CA_1,0.6840817303544411,Reduce Stock
HOUSEHOLD_1_448,CA_1,5.304859981828276,Increase Stock
FOODS_2_393,CA_1,0.8233052610607776,Reduce Stock
HOUSEHOLD_1_138,CA_1,0.7308462528409452,Reduce Stock
FOODS_3_300,CA_1,3.976669497977886,Maintain Stock
HOBBIES_1_409,CA_1,1.1867710982766988,Reduce Stock
FOODS_3_598,CA_1,3.3419990419885077,Maintain Stock
HOUSEHOLD_2_210,CA_1,0.606599038174022,Reduce Stock
FOODS_2_090,CA_1,0.2966770996211011,Reduce Stock
HOUSEHOLD_2_290,CA_1,0.1499219325058435,Reduce Stock
FOODS_2_010,CA_1,1.2665807292600375,Reduce Stock
HOBBIES_1_019,CA_1,9.427661308740356,Increase Stock
HOUSEHOLD_1_367,CA_1,0.6758839647305761,Reduce Stock
FOODS_2_160,CA_1,0.7288581533460987,Reduce Stock
FOODS_3_074,CA_1,2.336778816025448,Maintain Stock
FOODS_3_379,CA_1,1.2907853079889788,Reduce Stock
HOUSEHOLD_1_057,CA_1,0.3616129075600099,Reduce Stock
FOODS_3_461,CA_1,1.6909379748387383,Reduce Stock
HOBBIES_2_122,CA_1,0.7954255822342254,Reduce Stock
FOODS_1_158,CA_1,0.9584010920423428,Reduce Stock
HOUSEHOLD_2_360,CA_1,0.6231987492076706,Reduce Stock
HOBBIES_2_130,CA_1,0.3527498681416532,Reduce Stock
FOODS_3_453,CA_1,0.759548909255503,Reduce Stock
FOODS_3_082,CA_1,0.8399332767666965,Reduce Stock
HOUSEHOLD_2_140,CA_1,1.612611860136972,Reduce Stock
HOUSEHOLD_1_360,CA_1,0.3880981080181241,Reduce Stock
HOUSEHOLD_2_440,CA_1,0.9011061574374571,Reduce Stock
HOBBIES_2_056,CA_1,0.6575569209000356,Reduce Stock
HOBBIES_1_402,CA_1,0.3149973354405085,Reduce Stock
HOBBIES_1_250,CA_1,0.3149973354405085,Reduce Stock
FOODS_3_759,CA_1,1.3685467895440258,Reduce Stock
HOBBIES_1_167,CA_1,1.763435908974306,Reduce Stock
FOODS_2_097,CA_1,0.4911817158627252,Reduce Stock
HOUSEHOLD_2_203,CA_1,1.767084781562113,Reduce Stock
HOBBIES_1_012,CA_1,0.5716898764757917,Reduce Stock
FOODS_3_763,CA_1,0.311166207609042,Reduce Stock
HOBBIES_1_246,CA_1,0.7550484773616694,Reduce Stock
HOUSEHOLD_2_447,CA_1,0.6854904066986292,Reduce Stock
FOODS_1_070,CA_1,1.171380892241476,Reduce Stock
FOODS_1_077,CA_1,0.728679026673688,Reduce Stock
FOODS_2_323,CA_1,1.141819574593969,Reduce Stock
FOODS_2_243,CA_1,0.6186902141233747,Reduce Stock
HOUSEHOLD_2_057,CA_1,0.4680899717521841,Reduce Stock
HOUSEHOLD_2_064,CA_1,1.2154759131646566,Reduce Stock
FOODS_2_236,CA_1,0.4803095408596569,Reduce Stock
HOBBIES_1_326,CA_1,1.0695415911821442,Reduce Stock
FOODS_3_681,CA_1,24.83435605096502,Increase Stock
HOUSEHOLD_1_220,CA_1,1.3510922068969318,Reduce Stock
FOODS_3_218,CA_1,1.0049377732642697,Reduce Stock
FOODS_3_225,CA_1,0.8922513677704621,Reduce Stock
HOUSEHOLD_1_213,CA_1,1.084680236021768,Reduce Stock
FOODS_3_527,CA_1,0.9601325070319412,Reduce Stock
HOUSEHOLD_1_518,CA_1,1.0089123865820069,Reduce Stock
HOBBIES_1_013,CA_1,0.6738307073005183,Reduce Stock
HOBBIES_1_166,CA_1,2.2522735835317955,Maintain Stock
FOODS_3_600,CA_1,0.6839374692010842,Reduce Stock
FOODS_2_094,CA_1,0.1955661563992698,Reduce Stock
HOUSEHOLD_2_206,CA_1,0.4163655377599481,Reduce Stock
HOUSEHOLD_1_364,CA_1,0.9947776071299356,Reduce Stock
FOODS_3_077,CA_1,4.19149613402885,Maintain Stock
HOUSEHOLD_2_444,CA_1,0.8214816434060614,Reduce Stock
FOODS_1_073,CA_1,1.2820163320393652,Reduce Stock
HOUSEHOLD_2_363,CA_1,0.1315934469350745,Reduce Stock
HOUSEHOLD_1_446,CA_1,0.995877511807171,Reduce Stock
FOODS_2_395,CA_1,0.5794074993156086,Reduce Stock
FOODS_1_155,CA_1,0.567230081779277,Reduce Stock
HOBBIES_2_127,CA_1,0.610733781272874,Reduce Stock
FOODS_2_093,CA_1,1.3864989318638676,Reduce Stock
HOUSEHOLD_1_217,CA_1,0.5707139519397557,Reduce Stock
FOODS_3_456,CA_1,0.463004465336316,Reduce Stock
FOODS_2_013,CA_1,4.816476809924819,Maintain Stock
HOUSEHOLD_2_288,CA_1,0.8534668658890899,Reduce Stock
FOODS_2_012,CA_1,1.1759196274067063,Reduce Stock
HOUSEHOLD_2_287,CA_1,0.908141408544198,Reduce Stock
HOUSEHOLD_2_061,CA_1,0.6483355750265101,Reduce Stock
FOODS_2_239,CA_1,0.6354885175875222,Reduce Stock
FOODS_3_603,CA_1,23.45695088844913,Increase Stock
HOBBIES_1_404,CA_1,8.955246988223713,Increase Stock
HOBBIES_1_016,CA_1,5.682488052856292,Increase Stock
HOBBIES_1_163,CA_1,0.6322449924481706,Reduce Stock
FOODS_3_221,CA_1,1.389280523568322,Reduce Stock
HOBBIES_1_165,CA_1,0.4575875165863741,Reduce Stock
HOUSEHOLD_2_207,CA_1,0.4612754309158524,Reduce Stock
FOODS_2_321,CA_1,1.0280430115153116,Reduce Stock
HOUSEHOLD_2_060,CA_1,0.2966688498697394,Reduce Stock
FOODS_2_240,CA_1,0.9947858568812972,Reduce Stock
FOODS_3_222,CA_1,1.6914244710500033,Reduce Stock
HOBBIES_1_015,CA_1,2.8954870255087903,Maintain Stock
HOBBIES_1_164,CA_1,1.8156851520871629,Reduce Stock
HOUSEHOLD_1_136,CA_1,1.8884913689218572,Reduce Stock
FOODS_3_302,CA_1,6.458262643581589,Increase Stock
HOBBIES_1_248,CA_1,1.5802088808059658,Reduce Stock
FOODS_3_761,CA_1,0.5618591622727606,Reduce Stock
HOUSEHOLD_1_216,CA_1,0.3880981080181241,Reduce Stock
HOBBIES_1_405,CA_1,0.1315934469350745,Reduce Stock
HOUSEHOLD_1_520,CA_1,0.9190097576901746,Reduce Stock
FOODS_3_602,CA_1,1.4983514621123686,Reduce Stock
HOUSEHOLD_2_443,CA_1,0.5375793803204343,Reduce Stock
FOODS_3_457,CA_1,0.4939486577893903,Reduce Stock
HOBBIES_2_126,CA_1,1.343278479996045,Reduce Stock
FOODS_3_522,CA_1,1.2635242949094208,Reduce Stock
HOBBIES_2_061,CA_1,0.1315934469350745,Reduce Stock
HOUSEHOLD_1_288,CA_1,0.6167438929515275,Reduce Stock
FOODS_3_152,CA_1,0.4680982215035457,Reduce Stock
FOODS_3_377,CA_1,9.882167407642632,Increase Stock
FOODS_3_078,CA_1,0.7724971256285043,Reduce Stock
HOUSEHOLD_1_363,CA_1,0.7564043922163869,Reduce Stock
HOUSEHOLD_1_059,CA_1,2.5199170960864508,Maintain Stock
FOODS_1_074,CA_1,1.5649476706002663,Reduce Stock
HOBBIES_1_014,CA_1,1.698701452967646,Reduce Stock
FOODS_1_156,CA_1,1.815863841852096,Reduce Stock
HOUSEHOLD_2_362,CA_1,0.9877399676284756,Reduce Stock
FOODS_2_092,CA_1,0.4697464332686661,Reduce Stock
HOUSEHOLD_1_218,CA_1,1.172528899444014,Reduce Stock
FOODS_3_220,CA_1,0.4697464332686661,Reduce Stock
HOUSEHOLD_1_365,CA_1,1.120661711817622,Reduce Stock
FOODS_3_076,CA_1,5.891271681074296,Increase Stock
FOODS_3_157,CA_1,2.1734761423966624,Maintain Stock
HOUSEHOLD_1_283,CA_1,2.7329030078146994,Maintain Stock
HOBBIES_1_249,CA_1,1.1472169709921487,Reduce Stock
FOODS_3_760,CA_1,12.964560718635433,Increase Stock
HOBBIES_1_325,CA_1,0.2966688498697394,Reduce Stock
FOODS_3_682,CA_1,12.580092115882714,Increase Stock
HOUSEHOLD_2_208,CA_1,0.5989965246869464,Reduce Stock
HOBBIES_2_128,CA_1,0.1499219325058435,Reduce Stock
FOODS_2_238,CA_1,1.1740858393568463,Reduce Stock
FOODS_3_455,CA_1,11.70057805239978,Increase Stock
HOUSEHOLD_1_137,CA_1,0.5461558728462721,Reduce Stock
FOODS_2_322,CA_1,0.7535793886740528,Reduce Stock
HOUSEHOLD_1_519,CA_1,1.5575774348459948,Reduce Stock
FOODS_3_301,CA_1,1.5379590160292522,Reduce Stock
HOBBIES_1_017,CA_1,2.1589573359348044,Maintain Stock
HOBBIES_1_162,CA_1,0.4697381835173045,Reduce Stock
FOODS_3_604,CA_1,1.5310487999404223,Reduce Stock
HOBBIES_1_403,CA_1,0.7535711389226912,Reduce Stock
HOBBIES_1_407,CA_1,1.5311363885711915,Reduce Stock
HOUSEHOLD_2_062,CA_1,0.5643644179043942,Reduce Stock
FOODS_1_072,CA_1,0.6201457133083557,Reduce Stock
HOUSEHOLD_2_445,CA_1,0.5626436332352918,Reduce Stock
HOBBIES_1_247,CA_1,2.4771802644156904,Maintain Stock
FOODS_2_396,CA_1,3.0834264790717048,Maintain Stock
HOBBIES_1_406,CA_1,0.4703216741563524,Reduce Stock
FOODS_3_601,CA_1,0.2966770996211011,Reduce Stock
HOUSEHOLD_1_445,CA_1,3.120797923548079,Maintain Stock
FOODS_2_241,CA_1,8.159702798948908,Increase Stock
FOODS_3_458,CA_1,7.833490258761362,Increase Stock
HOBBIES_2_125,CA_1,0.1758047262299021,Reduce Stock
HOUSEHOLD_2_059,CA_1,0.8810980651027347,Reduce Stock
HOUSEHOLD_1_060,CA_1,0.1315934469350745,Reduce Stock
FOODS_3_376,CA_1,9.487780502906569,Increase Stock
FOODS_3_223,CA_1,1.4652488132470465,Reduce Stock
HOUSEHOLD_1_215,CA_1,0.5643644179043942,Reduce Stock
FOODS_3_079,CA_1,0.592549918182165,Reduce Stock
HOUSEHOLD_1_362,CA_1,0.7569865487821549,Reduce Stock
HOUSEHOLD_1_521,CA_1,5.571689528911883,Increase Stock
FOODS_2_320,CA_1,1.6188381870230268,Reduce Stock
FOODS_3_684,CA_1,2.759224098781104,Maintain Stock
HOBBIES_1_323,CA_1,2.297171121388096,Maintain Stock
FOODS_1_075,CA_1,0.4218531576389959,Reduce Stock
FOODS_2_095,CA_1,1.3074900529255629,Reduce Stock
HOUSEHOLD_2_205,CA_1,0.6668377214900761,Reduce Stock
HOUSEHOLD_2_442,CA_1,1.4377179395466415,Reduce Stock
FOODS_3_762,CA_1,1.7563795373644755,Reduce Stock
FOODS_3_303,CA_1,0.7108029431274691,Reduce Stock
HOUSEHOLD_1_135,CA_1,1.027170106930002,Reduce Stock
HOUSEHOLD_1_359,CA_1,1.3317225529144645,Reduce Stock
HOUSEHOLD_2_365,CA_1,0.4697381835173045,Reduce Stock
FOODS_1_153,CA_1,3.049112565808243,Maintain Stock
FOODS_2_099,CA_1,1.4225020534246633,Reduce Stock
FOODS_1_002,CA_1,0.9884888842307612,Reduce Stock
FOODS_2_317,CA_1,0.4680982215035457,Reduce Stock
FOODS_3_228,CA_1,9.577159321876286,Increase Stock
HOUSEHOLD_1_210,CA_1,0.1315934469350745,Reduce Stock
HOUSEHOLD_2_292,CA_1,0.4939404080380287,Reduce Stock
FOODS_2_008,CA_1,1.268136365879976,Reduce Stock
FOODS_2_102,CA_1,1.601763261665256,Reduce Stock
HOUSEHOLD_2_199,CA_1,0.6167438929515275,Reduce Stock
HOBBIES_1_092,CA_1,0.1315934469350745,Reduce Stock
HOBBIES_1_087,CA_1,0.6516817402098519,Reduce Stock
HOUSEHOLD_2_451,CA_1,0.5472544843832774,Reduce Stock
HOUSEHOLD_2_514,CA_1,0.4078512884361301,Reduce Stock
FOODS_1_080,CA_1,1.601763261665256,Reduce Stock
HOUSEHOLD_2_437,CA_1,1.9960118253614736,Reduce Stock
FOODS_1_160,CA_1,0.5375876300717959,Reduce Stock
HOUSEHOLD_2_358,CA_1,0.2966688498697394,Reduce Stock
HOUSEHOLD_2_125,CA_1,0.6765128255529193,Reduce Stock
FOODS_3_143,CA_1,1.1619936711861376,Reduce Stock
FOODS_1_066,CA_1,1.6298910225216494,Reduce Stock
HOUSEHOLD_1_297,CA_1,0.1177235177701507,Reduce Stock
FOODS_3_765,CA_1,1.5665789967313664,Reduce Stock
HOUSEHOLD_2_068,CA_1,0.4680899717521841,Reduce Stock
FOODS_2_232,CA_1,1.9443417274151744,Reduce Stock
HOBBIES_1_244,CA_1,8.121224605976114,Increase Stock
FOODS_2_175,CA_1,1.836970239023204,Reduce Stock
HOUSEHOLD_1_064,CA_1,0.6167438929515275,Reduce Stock
HOUSEHOLD_1_524,CA_1,1.6901579900405928,Reduce Stock
FOODS_3_085,CA_1,0.920578379747391,Reduce Stock
HOBBIES_2_132,CA_1,0.4773406970043802,Reduce Stock
FOODS_3_451,CA_1,2.6387238321713253,Maintain Stock
HOUSEHOLD_1_223,CA_1,0.9183608448268192,Reduce Stock
FOODS_3_215,CA_1,1.655733517031155,Reduce Stock
FOODS_2_016,CA_1,3.606724633342862,Maintain Stock
FOODS_2_325,CA_1,5.729328961286996,Increase Stock
HOUSEHOLD_1_516,CA_1,3.076922785633013,Maintain Stock
HOUSEHOLD_2_284,CA_1,0.3683699811978648,Reduce Stock
FOODS_3_608,CA_1,1.723334717031068,Reduce Stock
HOBBIES_1_022,CA_1,0.1315934469350745,Reduce Stock
HOBBIES_1_157,CA_1,1.166470706664527,Reduce Stock
HOUSEHOLD_1_356,CA_1,0.1177235177701507,Reduce Stock
HOBBIES_1_399,CA_1,0.8129895651002135,Reduce Stock
HOUSEHOLD_1_450,CA_1,0.7535711389226912,Reduce Stock
FOODS_2_391,CA_1,1.6842784157878417,Reduce Stock
HOUSEHOLD_1_442,CA_1,0.5133771557997102,Reduce Stock
HOBBIES_1_412,CA_1,1.3809104631385205,Reduce Stock
FOODS_3_595,CA_1,1.9443417274151744,Reduce Stock
HOBBIES_1_170,CA_1,0.2966688498697394,Reduce Stock
HOBBIES_1_009,CA_1,0.7916172249445341,Reduce Stock
FOODS_3_464,CA_1,1.164119146581864,Reduce Stock
HOBBIES_2_119,CA_1,0.1177235177701507,Reduce Stock
FOODS_2_246,CA_1,0.592549918182165,Reduce Stock
HOUSEHOLD_2_054,CA_1,0.1866948672295514,Reduce Stock
FOODS_2_399,CA_1,1.7225586068265757,Reduce Stock
FOODS_3_372,CA_1,5.720232385013231,Increase Stock
HOUSEHOLD_2_213,CA_1,2.261773436633318,Maintain Stock
FOODS_2_087,CA_1,0.6201457133083557,Reduce Stock
FOODS_2_103,CA_1,0.8509364602744223,Reduce Stock
HOUSEHOLD_2_198,CA_1,0.5823968136532979,Reduce Stock
HOUSEHOLD_1_055,CA_1,1.9901402841436429,Reduce Stock
FOODS_2_247,CA_1,2.5860082650793244,Maintain Stock
HOUSEHOLD_2_053,CA_1,0.1315934469350745,Reduce Stock
FOODS_2_326,CA_1,8.257211729017286,Increase Stock
HOUSEHOLD_1_515,CA_1,1.8128237860825804,Reduce Stock
HOUSEHOLD_2_452,CA_1,0.7721425300623791,Reduce Stock
FOODS_1_065,CA_1,1.2912416041310175,Reduce Stock
FOODS_3_229,CA_1,0.5133854055510718,Reduce Stock
HOUSEHOLD_1_209,CA_1,0.8952689461432285,Reduce Stock
FOODS_3_381,CA_1,2.645581366682073,Maintain Stock
HOUSEHOLD_2_069,CA_1,0.5537093406394207,Reduce Stock
HOUSEHOLD_2_367,CA_1,0.1315934469350745,Reduce Stock
FOODS_1_151,CA_1,0.5643726676557558,Reduce Stock
HOUSEHOLD_1_451,CA_1,0.6987621866955667,Reduce Stock
FOODS_2_390,CA_1,0.2966770996211011,Reduce Stock
FOODS_1_081,CA_1,1.4241390493425576,Reduce Stock
HOUSEHOLD_1_225,CA_1,3.3008702301531465,Maintain Stock
FOODS_3_213,CA_1,0.6144480606328341,Reduce Stock
HOUSEHOLD_2_436,CA_1,0.1177235177701507,Reduce Stock
HOBBIES_1_024,CA_1,0.610733781272874,Reduce Stock
HOBBIES_1_155,CA_1,3.824016860551805,Maintain Stock
FOODS_2_017,CA_1,0.6167521427028891,Reduce Stock
FOODS_2_231,CA_1,1.0021886891772054,Reduce Stock
HOBBIES_1_008,CA_1,10.323565306890492,Increase Stock
HOBBIES_1_171,CA_1,0.5190772338568682,Reduce Stock
FOODS_3_756,CA_1,6.523321510889154,Increase Stock
HOUSEHOLD_1_224,CA_1,0.6846543974348978,Reduce Stock
FOODS_3_214,CA_1,1.9458027149159367,Reduce Stock
HOUSEHOLD_1_370,CA_1,1.6000078670904936,Reduce Stock
FOODS_3_071,CA_1,4.08485265821556,Maintain Stock
HOBBIES_1_328,CA_1,0.7535711389226912,Reduce Stock
FOODS_3_688,CA_1,6.805893340760603,Increase Stock
HOBBIES_1_319,CA_1,3.458552560667972,Maintain Stock
FOODS_3_679,CA_1,1.3685467895440258,Reduce Stock
HOBBIES_1_023,CA_1,1.272911091814146,Reduce Stock
HOBBIES_1_156,CA_1,1.037933833031264,Reduce Stock
HOBBIES_2_133,CA_1,0.7201730143454088,Reduce Stock
HOBBIES_1_413,CA_1,0.6186819643720131,Reduce Stock
FOODS_3_594,CA_1,0.1265948069398691,Reduce Stock
FOODS_3_450,CA_1,1.6689862735553125,Reduce Stock
FOODS_3_307,CA_1,5.840342849916022,Increase Stock
HOUSEHOLD_1_131,CA_1,0.7947817313186304,Reduce Stock
HOUSEHOLD_1_140,CA_1,1.8841215065711967,Reduce Stock
FOODS_3_298,CA_1,1.14936436823218,Reduce Stock
FOODS_3_465,CA_1,1.843901312290456,Reduce Stock
HOBBIES_2_118,CA_1,0.2966688498697394,Reduce Stock
FOODS_3_609,CA_1,3.595736467175029,Maintain Stock
HOBBIES_1_398,CA_1,3.8535388250985614,Maintain Stock
FOODS_3_086,CA_1,15.926565137216215,Increase Stock
HOUSEHOLD_1_355,CA_1,0.4680899717521841,Reduce Stock
HOBBIES_1_253,CA_1,0.6167438929515275,Reduce Stock
FOODS_2_233,CA_1,2.69732782836852,Maintain Stock
FOODS_2_007,CA_1,0.8839760672909933,Reduce Stock
HOUSEHOLD_2_067,CA_1,1.1270039707836808,Reduce Stock
HOUSEHOLD_1_369,CA_1,1.278787396511005,Reduce Stock
HOBBIES_1_410,CA_1,0.8575729273970292,Reduce Stock
FOODS_3_597,CA_1,0.3527581178930149,Reduce Stock
HOBBIES_1_251,CA_1,0.2469335505456053,Reduce Stock
FOODS_3_758,CA_1,0.4120172032316318,Reduce Stock
HOUSEHOLD_2_135,CA_1,0.6597269949289984,Reduce Stock
FOODS_2_165,CA_1,0.1316016966864361,Reduce Stock
HOUSEHOLD_2_439,CA_1,1.145168333756601,Reduce Stock
FOODS_3_462,CA_1,11.41697552745216,Increase Stock
HOBBIES_2_121,CA_1,0.3772330206162215,Reduce Stock
HOUSEHOLD_2_211,CA_1,0.2966688498697394,Reduce Stock
FOODS_2_089,CA_1,1.0861976206835953,Reduce Stock
FOODS_1_078,CA_1,0.9884888842307612,Reduce Stock
FOODS_2_324,CA_1,0.58857489217648,Reduce Stock
HOUSEHOLD_1_368,CA_1,0.5173137620525734,Reduce Stock
FOODS_3_083,CA_1,1.8606362572962656,Reduce Stock
HOUSEHOLD_1_358,CA_1,3.0880189164993417,Maintain Stock
FOODS_3_073,CA_1,0.1177317675215124,Reduce Stock
HOUSEHOLD_1_523,CA_1,0.2966688498697394,Reduce Stock
FOODS_2_318,CA_1,2.9581507409282377,Maintain Stock
FOODS_2_100,CA_1,1.8525996944411347,Reduce Stock
HOUSEHOLD_2_201,CA_1,1.1368234359130531,Reduce Stock
HOUSEHOLD_1_449,CA_1,0.8258938007846368,Reduce Stock
FOODS_2_392,CA_1,0.6564853966598502,Reduce Stock
HOBBIES_2_131,CA_1,0.2032945782631999,Reduce Stock
HOUSEHOLD_1_517,CA_1,8.580153938480274,Increase Stock
FOODS_3_452,CA_1,0.6054981345551661,Reduce Stock
HOBBIES_1_159,CA_1,2.007278947300372,Maintain Stock
HOUSEHOLD_1_443,CA_1,2.0140831506254857,Maintain Stock
HOUSEHOLD_2_202,CA_1,0.6745095426573923,Reduce Stock
HOUSEHOLD_1_062,CA_1,1.845255614477698,Reduce Stock
FOODS_3_374,CA_1,1.4552691752986764,Reduce Stock
FOODS_3_606,CA_1,2.768155211134604,Maintain Stock
HOBBIES_1_401,CA_1,0.5375793803204343,Reduce Stock
HOBBIES_1_168,CA_1,0.5716898764757917,Reduce Stock
HOUSEHOLD_2_448,CA_1,0.2966688498697394,Reduce Stock
FOODS_1_069,CA_1,1.4523744132178291,Reduce Stock
HOBBIES_1_011,CA_1,0.1315934469350745,Reduce Stock
FOODS_2_015,CA_1,1.3843187994186863,Reduce Stock
HOUSEHOLD_2_285,CA_1,0.4697381835173045,Reduce Stock
HOBBIES_1_020,CA_1,0.1315934469350745,Reduce Stock
FOODS_3_686,CA_1,1.1350182082835611,Reduce Stock
HOUSEHOLD_2_065,CA_1,0.1315934469350745,Reduce Stock
FOODS_2_235,CA_1,1.034736005233734,Reduce Stock
FOODS_2_244,CA_1,8.013681793106976,Increase Stock
HOUSEHOLD_2_056,CA_1,0.1669416868115453,Reduce Stock
HOUSEHOLD_1_221,CA_1,0.5925416684308034,Reduce Stock
FOODS_3_217,CA_1,4.142622183721581,Maintain Stock
FOODS_3_226,CA_1,5.944779790588959,Increase Stock
HOUSEHOLD_1_212,CA_1,2.2861065105849945,Maintain Stock
FOODS_3_305,CA_1,2.706843765442026,Maintain Stock
HOUSEHOLD_1_133,CA_1,0.7535711389226912,Reduce Stock
FOODS_2_398,CA_1,1.1664789564158886,Reduce Stock
HOBBIES_1_321,CA_1,0.4773406970043802,Reduce Stock
HOBBIES_1_098,CA_1,0.8243326135357303,Reduce Stock
HOBBIES_1_082,CA_1,0.3149973354405085,Reduce Stock
FOODS_3_764,CA_1,14.466088225205963,Increase Stock
FOODS_3_227,CA_1,7.883479263524529,Increase Stock
FOODS_3_463,CA_1,2.9208802445000868,Maintain Stock
HOBBIES_2_120,CA_1,1.525469915111017,Reduce Stock
HOUSEHOLD_1_211,CA_1,0.4939404080380287,Reduce Stock
FOODS_3_687,CA_1,0.3320253394975719,Reduce Stock
HOBBIES_1_320,CA_1,1.5090559193757314,Reduce Stock
FOODS_3_380,CA_1,0.1177317675215124,Reduce Stock
HOUSEHOLD_1_056,CA_1,2.827243387583505,Maintain Stock
FOODS_3_084,CA_1,0.7654684481442964,Reduce Stock
HOUSEHOLD_1_357,CA_1,2.1738936079635653,Maintain Stock
FOODS_1_079,CA_1,0.1177317675215124,Reduce Stock
FOODS_3_596,CA_1,2.7815787260203715,Maintain Stock
HOUSEHOLD_2_438,CA_1,0.8922431180191005,Reduce Stock
HOUSEHOLD_1_132,CA_1,1.7580245922571385,Reduce Stock
HOUSEHOLD_2_212,CA_1,1.3453303670764782,Reduce Stock
FOODS_2_101,CA_1,2.8251038190675386,Maintain Stock
HOUSEHOLD_2_200,CA_1,0.8922431180191005,Reduce Stock
FOODS_2_088,CA_1,0.7965895311570581,Reduce Stock
HOUSEHOLD_2_366,CA_1,0.2032945782631999,Reduce Stock
HOUSEHOLD_2_450,CA_1,0.5643644179043942,Reduce Stock
FOODS_1_067,CA_1,4.126405467275315,Maintain Stock
FOODS_1_152,CA_1,1.3051215702904069,Reduce Stock
HOBBIES_1_252,CA_1,1.175333746082884,Reduce Stock
FOODS_3_757,CA_1,8.340215712474539,Increase Stock
FOODS_3_306,CA_1,4.388467137635455,Maintain Stock
HOBBIES_1_411,CA_1,0.9604947698923814,Reduce Stock
FOODS_3_299,CA_1,4.984472586371607,Maintain Stock
HOUSEHOLD_1_139,CA_1,0.1866948672295514,Reduce Stock
HOBBIES_1_245,CA_1,0.1499219325058435,Reduce Stock
HOUSEHOLD_2_449,CA_1,1.335283175118719,Reduce Stock
FOODS_1_068,CA_1,0.2966770996211011,Reduce Stock
HOUSEHOLD_2_291,CA_1,0.2966688498697394,Reduce Stock
FOODS_2_009,CA_1,1.5043506968072469,Reduce Stock
HOBBIES_2_047,CA_1,0.340880129164567,Reduce Stock
FOODS_3_536,CA_1,0.8154397050098349,Reduce Stock
FOODS_3_607,CA_1,20.652013232188416,Increase Stock
HOUSEHOLD_2_066,CA_1,0.3683699811978648,Reduce Stock
FOODS_2_234,CA_1,1.7063637761100885,Reduce Stock
HOBBIES_1_400,CA_1,0.4208719928986268,Reduce Stock
HOBBIES_1_327,CA_1,1.0751082045405138,Reduce Stock
FOODS_3_680,CA_1,1.7857088658726454,Reduce Stock
FOODS_1_159,CA_1,0.166949936562907,Reduce Stock
HOUSEHOLD_2_359,CA_1,1.1240359482995772,Reduce Stock
HOUSEHOLD_1_222,CA_1,5.382704117409788,Increase Stock
FOODS_3_216,CA_1,1.4526419478022916,Reduce Stock
HOBBIES_1_169,CA_1,10.432270855470804,Increase Stock
HOBBIES_1_010,CA_1,0.7518397239330928,Reduce Stock
HOBBIES_1_021,CA_1,1.242238556104288,Reduce Stock
HOBBIES_1_158,CA_1,4.274799838749578,Maintain Stock
FOODS_2_245,CA_1,1.0361389993907384,Reduce Stock
HOUSEHOLD_2_055,CA_1,0.8139127386045396,Reduce Stock
HOUSEHOLD_1_063,CA_1,1.6453010406125297,Reduce Stock
FOODS_3_373,CA_1,1.226280308447305,Reduce Stock
FOODS_3_072,CA_1,1.2217903737118634,Reduce Stock
FOODS_3_738,CA_1,5.038125068919522,Increase Stock
HOUSEHOLD_1_125,CA_1,0.9867334896559984,Reduce Stock
FOODS_2_113,CA_1,1.0862258217463765,Reduce Stock
HOUSEHOLD_1_002,CA_1,0.8625131091295899,Reduce Stock
FOODS_1_010,CA_1,0.440576012032034,Reduce Stock
HOUSEHOLD_2_507,CA_1,1.5000096761352313,Reduce Stock
FOODS_3_627,CA_1,1.0642567336705215,Reduce Stock
HOBBIES_1_339,CA_1,3.610912359162083,Maintain Stock
FOODS_2_125,CA_1,1.0923026985655853,Reduce Stock
HOUSEHOLD_2_175,CA_1,0.3111579578576803,Reduce Stock
FOODS_3_668,CA_1,8.508068537257095,Increase Stock
HOBBIES_1_380,CA_1,0.7904728840569112,Reduce Stock
HOUSEHOLD_2_306,CA_1,0.3880981080181241,Reduce Stock
FOODS_1_213,CA_1,1.127000478393171,Reduce Stock
FOODS_2_377,CA_1,0.8001386387663677,Reduce Stock
HOBBIES_1_190,CA_1,0.1315934469350745,Reduce Stock
HOUSEHOLD_1_332,CA_1,1.7253272544290852,Reduce Stock
FOODS_3_817,CA_1,0.6641002458248566,Reduce Stock
FOODS_3_432,CA_1,0.6167521427028891,Reduce Stock
FOODS_3_487,CA_1,1.9518917940590403,Reduce Stock
HOBBIES_2_096,CA_1,0.1315934469350745,Reduce Stock
HOUSEHOLD_1_151,CA_1,8.47798088291489,Increase Stock
FOODS_1_175,CA_1,1.6384324495071223,Reduce Stock
HOUSEHOLD_2_344,CA_1,0.8154314552584733,Reduce Stock
FOODS_3_287,CA_1,0.2033028280145615,Reduce Stock
FOODS_2_265,CA_1,0.8001386387663677,Reduce Stock
HOUSEHOLD_2_474,CA_1,0.3527498681416532,Reduce Stock
FOODS_3_108,CA_1,5.469851361180744,Increase Stock
FOODS_1_043,CA_1,7.86678879823504,Increase Stock
HOUSEHOLD_1_464,CA_1,0.606394556162326,Reduce Stock
HOUSEHOLD_1_388,CA_1,0.4703216741563524,Reduce Stock
HOUSEHOLD_2_473,CA_1,0.9119721181887144,Reduce Stock
FOODS_1_044,CA_1,1.842713189368784,Reduce Stock
FOODS_3_246,CA_1,2.396463779156364,Maintain Stock
HOUSEHOLD_1_192,CA_1,0.606394556162326,Reduce Stock
HOBBIES_2_011,CA_1,1.0353199934329544,Reduce Stock
FOODS_3_572,CA_1,11.257936124727346,Increase Stock
FOODS_1_098,CA_1,0.1316016966864361,Reduce Stock
HOUSEHOLD_2_419,CA_1,0.3517702701642163,Reduce Stock
HOBBIES_1_266,CA_1,0.7548432049674804,Reduce Stock
FOODS_3_743,CA_1,2.186571054783585,Maintain Stock
FOODS_3_776,CA_1,1.9161715290003547,Reduce Stock
FOODS_3_053,CA_1,4.28372260741962,Maintain Stock
HOUSEHOLD_1_247,CA_1,2.5086173820339104,Maintain Stock
HOBBIES_1_233,CA_1,0.663543292642635,Reduce Stock
HOUSEHOLD_2_231,CA_1,1.1798385243786726,Reduce Stock
HOUSEHOLD_2_090,CA_1,0.1669416868115453,Reduce Stock
FOODS_2_210,CA_1,0.517322011803935,Reduce Stock
FOODS_2_069,CA_1,0.6202514013722812,Reduce Stock
FOODS_2_339,CA_1,0.6144480606328341,Reduce Stock
HOUSEHOLD_1_502,CA_1,0.453138472483656,Reduce Stock
FOODS_3_011,CA_1,2.760154180668689,Maintain Stock
HOUSEHOLD_1_431,CA_1,1.1888847676191727,Reduce Stock
HOBBIES_1_045,CA_1,0.5716898764757917,Reduce Stock
HOBBIES_1_134,CA_1,5.548236002533218,Increase Stock
FOODS_3_192,CA_1,3.3946869868123355,Maintain Stock
HOUSEHOLD_1_118,CA_1,11.349204114867485,Increase Stock
HOUSEHOLD_2_035,CA_1,0.7347482259734464,Reduce Stock
HOBBIES_1_324,CA_1,1.522331920776247,Reduce Stock
FOODS_3_321,CA_1,6.235157955865667,Increase Stock
HOUSEHOLD_1_117,CA_1,0.6846543974348978,Reduce Stock
HOUSEHOLD_1_389,CA_1,3.1445382309786987,Maintain Stock
FOODS_3_109,CA_1,6.37879855413496,Increase Stock
HOUSEHOLD_1_331,CA_1,0.5133771557997102,Reduce Stock
FOODS_3_051,CA_1,1.4752462238613269,Reduce Stock
FOODS_3_488,CA_1,0.1316016966864361,Reduce Stock
HOBBIES_2_095,CA_1,0.6669768225105485,Reduce Stock
HOUSEHOLD_1_536,CA_1,2.5013025923467085,Maintain Stock
HOBBIES_1_267,CA_1,0.3527498681416532,Reduce Stock
FOODS_3_742,CA_1,3.194291949183784,Maintain Stock
HOUSEHOLD_1_044,CA_1,0.4911734661113635,Reduce Stock
FOODS_2_305,CA_1,0.3710866034637839,Reduce Stock
HOBBIES_1_379,CA_1,1.2128784502908916,Reduce Stock
HOUSEHOLD_2_475,CA_1,0.6597269949289984,Reduce Stock
FOODS_1_042,CA_1,3.97626139897214,Maintain Stock
HOBBIES_1_191,CA_1,0.526402692428266,Reduce Stock
FOODS_3_816,CA_1,3.121655617248236,Maintain Stock
FOODS_2_340,CA_1,0.311166207609042,Reduce Stock
HOUSEHOLD_1_501,CA_1,0.702669002314536,Reduce Stock
FOODS_3_777,CA_1,1.0308939816449805,Reduce Stock
HOBBIES_2_013,CA_1,0.1315934469350745,Reduce Stock
FOODS_3_570,CA_1,11.037367877614642,Increase Stock
HOBBIES_1_232,CA_1,2.3143930030830715,Maintain Stock
FOODS_3_628,CA_1,5.699787980935537,Increase Stock
FOODS_3_392,CA_1,2.0878166392957067,Maintain Stock
FOODS_2_068,CA_1,0.5794074993156086,Reduce Stock
FOODS_2_126,CA_1,1.1095592692641767,Reduce Stock
FOODS_3_358,CA_1,0.7856892051967128,Reduce Stock
FOODS_3_247,CA_1,1.2065700243310449,Reduce Stock
HOBBIES_2_012,CA_1,0.1177235177701507,Reduce Stock
FOODS_3_571,CA_1,0.8922513677704621,Reduce Stock
HOUSEHOLD_1_191,CA_1,12.369654059391957,Increase Stock
HOUSEHOLD_2_378,CA_1,0.4120089534802701,Reduce Stock
HOUSEHOLD_1_248,CA_1,0.7980315793391403,Reduce Stock
FOODS_3_191,CA_1,0.8332039027054486,Reduce Stock
FOODS_1_140,CA_1,1.560364894986413,Reduce Stock
HOUSEHOLD_2_127,CA_1,1.21201154561855,Reduce Stock
FOODS_2_173,CA_1,1.3303984312669743,Reduce Stock
HOUSEHOLD_2_174,CA_1,0.4612754309158524,Reduce Stock
HOUSEHOLD_2_091,CA_1,0.3527498681416532,Reduce Stock
FOODS_3_528,CA_1,0.2966770996211011,Reduce Stock
HOBBIES_2_055,CA_1,0.3320170897462103,Reduce Stock
FOODS_1_099,CA_1,7.974406229574404,Increase Stock
HOUSEHOLD_2_418,CA_1,0.5375793803204343,Reduce Stock
FOODS_3_703,CA_1,1.4223707340532328,Reduce Stock
HOBBIES_1_305,CA_1,0.6054898848038045,Reduce Stock
FOODS_2_028,CA_1,0.2033028280145615,Reduce Stock
HOBBIES_1_046,CA_1,1.0289579649014964,Reduce Stock
HOBBIES_1_133,CA_1,0.7194131180208114,Reduce Stock
HOUSEHOLD_2_272,CA_1,0.7479403055416549,Reduce Stock
HOUSEHOLD_2_232,CA_1,0.7436981520511143,Reduce Stock
FOODS_2_209,CA_1,0.4911817158627252,Reduce Stock
FOODS_3_320,CA_1,1.530579434492176,Reduce Stock
FOODS_2_306,CA_1,0.7313716587290939,Reduce Stock
HOUSEHOLD_1_535,CA_1,8.336334808664388,Increase Stock
FOODS_3_625,CA_1,2.063572206001108,Maintain Stock
HOBBIES_1_382,CA_1,1.162318568187062,Reduce Stock
HOUSEHOLD_1_432,CA_1,0.1499219325058435,Reduce Stock
HOUSEHOLD_2_088,CA_1,0.7721425300623791,Reduce Stock
FOODS_2_212,CA_1,2.5084643699773124,Maintain Stock
FOODS_3_319,CA_1,0.1265948069398691,Reduce Stock
HOUSEHOLD_1_119,CA_1,2.213670974448122,Maintain Stock
FOODS_3_144,CA_1,1.644879118126523,Reduce Stock
HOUSEHOLD_1_296,CA_1,0.789662422913659,Reduce Stock
HOBBIES_1_043,CA_1,1.3914439040769926,Reduce Stock
HOBBIES_1_136,CA_1,0.1315934469350745,Reduce Stock
FOODS_3_194,CA_1,2.548473487761551,Maintain Stock
HOBBIES_1_338,CA_1,1.2514694182449522,Reduce Stock
FOODS_3_538,CA_1,1.9018335047188,Reduce Stock
HOBBIES_2_045,CA_1,0.4911734661113635,Reduce Stock
HOBBIES_1_265,CA_1,0.3149973354405085,Reduce Stock
FOODS_3_744,CA_1,8.546715877496576,Increase Stock
HOBBIES_1_188,CA_1,0.3517702701642163,Reduce Stock
FOODS_3_819,CA_1,2.563783751668145,Maintain Stock
FOODS_2_263,CA_1,0.4120172032316318,Reduce Stock
FOODS_2_123,CA_1,1.3438859146730455,Reduce Stock
HOUSEHOLD_2_177,CA_1,0.2966688498697394,Reduce Stock
HOUSEHOLD_2_037,CA_1,0.8828294800923331,Reduce Stock
HOUSEHOLD_1_150,CA_1,0.3710783537124223,Reduce Stock
FOODS_3_669,CA_1,4.191511556683431,Maintain Stock
FOODS_3_288,CA_1,17.977817050783983,Increase Stock
HOUSEHOLD_1_245,CA_1,1.009817057940529,Reduce Stock
FOODS_3_701,CA_1,0.802138094230221,Reduce Stock
HOUSEHOLD_2_421,CA_1,0.1177235177701507,Reduce Stock
FOODS_3_105,CA_1,1.125571125799424,Reduce Stock
HOUSEHOLD_1_335,CA_1,0.5173137620525734,Reduce Stock
HOUSEHOLD_1_534,CA_1,0.9653822352649432,Reduce Stock
FOODS_2_307,CA_1,3.120132045731756,Maintain Stock
HOUSEHOLD_1_076,CA_1,0.995877511807171,Reduce Stock
FOODS_3_360,CA_1,0.3710866034637839,Reduce Stock
FOODS_3_484,CA_1,0.4911817158627252,Reduce Stock
HOBBIES_2_099,CA_1,0.3055318892880961,Reduce Stock
HOUSEHOLD_2_229,CA_1,0.5472544843832774,Reduce Stock
FOODS_2_071,CA_1,0.7045866211451339,Reduce Stock
HOBBIES_1_307,CA_1,0.610733781272874,Reduce Stock
HOUSEHOLD_1_289,CA_1,0.929698435627785,Reduce Stock
FOODS_3_010,CA_1,1.1038108609550716,Reduce Stock
HOUSEHOLD_2_471,CA_1,0.1177235177701507,Reduce Stock
FOODS_1_046,CA_1,9.874825313216578,Increase Stock
HOUSEHOLD_1_386,CA_1,1.8156851520871629,Reduce Stock
FOODS_3_055,CA_1,1.1038108609550716,Reduce Stock
HOBBIES_2_149,CA_1,0.2557965899639621,Reduce Stock
HOBBIES_2_009,CA_1,0.5133771557997102,Reduce Stock
FOODS_3_574,CA_1,1.1768234934443182,Reduce Stock
FOODS_3_434,CA_1,3.426492874893304,Maintain Stock
FOODS_3_775,CA_1,1.5531999984194076,Reduce Stock
HOBBIES_1_234,CA_1,5.236742550247273,Increase Stock
FOODS_3_151,CA_1,2.0607479830779245,Maintain Stock
FOODS_2_338,CA_1,2.532015036431174,Maintain Stock
HOUSEHOLD_1_503,CA_1,1.2321454175385378,Reduce Stock
FOODS_3_106,CA_1,7.721275915226683,Increase Stock
FOODS_2_211,CA_1,1.058133226598603,Reduce Stock
HOUSEHOLD_2_377,CA_1,0.5133771557997102,Reduce Stock
FOODS_1_141,CA_1,0.7309383514022352,Reduce Stock
HOBBIES_1_044,CA_1,1.2278805761763647,Reduce Stock
HOBBIES_1_135,CA_1,0.3683699811978648,Reduce Stock
FOODS_3_433,CA_1,2.4299001021435007,Maintain Stock
HOUSEHOLD_1_077,CA_1,1.1458078556331246,Reduce Stock
FOODS_3_359,CA_1,0.4939486577893903,Reduce Stock
FOODS_3_626,CA_1,0.5734030300758487,Reduce Stock
HOBBIES_1_381,CA_1,3.0794348519167984,Maintain Stock
FOODS_2_124,CA_1,1.0549902733551069,Reduce Stock
HOUSEHOLD_2_089,CA_1,0.1315934469350745,Reduce Stock
HOUSEHOLD_2_176,CA_1,5.295297892875247,Increase Stock
HOUSEHOLD_2_273,CA_1,1.2106076734889162,Reduce Stock
FOODS_3_107,CA_1,3.584320947953764,Maintain Stock
HOUSEHOLD_1_333,CA_1,0.8901443083432347,Reduce Stock
FOODS_3_702,CA_1,21.909808815396232,Increase Stock
HOBBIES_1_306,CA_1,0.7865625428158687,Reduce Stock
HOBBIES_1_189,CA_1,11.829259237171728,Increase Stock
FOODS_3_818,CA_1,2.483279417187975,Maintain Stock
FOODS_2_264,CA_1,1.2422468058556495,Reduce Stock
FOODS_3_486,CA_1,1.0642567336705215,Reduce Stock
HOBBIES_2_097,CA_1,0.3149973354405085,Reduce Stock
HOUSEHOLD_2_036,CA_1,0.9205709449390812,Reduce Stock
FOODS_2_027,CA_1,0.2033028280145615,Reduce Stock
HOUSEHOLD_1_001,CA_1,0.7308462528409452,Reduce Stock
HOUSEHOLD_2_345,CA_1,0.597348312921826,Reduce Stock
FOODS_1_174,CA_1,1.93535007699355,Reduce Stock
HOUSEHOLD_1_334,CA_1,6.448546447984975,Increase Stock
FOODS_3_245,CA_1,5.846213207949835,Increase Stock
HOUSEHOLD_1_193,CA_1,1.592132694834946,Reduce Stock
HOBBIES_2_057,CA_1,0.1177235177701507,Reduce Stock
FOODS_3_485,CA_1,4.58361340072068,Maintain Stock
HOBBIES_2_098,CA_1,0.5672218320279154,Reduce Stock
FOODS_3_526,CA_1,5.049584085513244,Increase Stock
HOUSEHOLD_1_463,CA_1,0.4680899717521841,Reduce Stock
FOODS_2_378,CA_1,0.186703116980913,Reduce Stock
FOODS_1_097,CA_1,2.8825709766194736,Maintain Stock
HOUSEHOLD_2_472,CA_1,0.5643644179043942,Reduce Stock
FOODS_1_045,CA_1,3.233227219235714,Maintain Stock
HOUSEHOLD_2_420,CA_1,0.4612754309158524,Reduce Stock
HOUSEHOLD_2_230,CA_1,0.1315934469350745,Reduce Stock
HOBBIES_2_010,CA_1,0.1404564863534312,Reduce Stock
FOODS_3_573,CA_1,27.10104052720116,Increase Stock
FOODS_2_070,CA_1,0.1177317675215124,Reduce Stock
HOUSEHOLD_2_305,CA_1,0.5033847854674746,Reduce Stock
FOODS_1_214,CA_1,1.3927722278543009,Reduce Stock
FOODS_3_391,CA_1,1.9793255521101007,Reduce Stock
HOUSEHOLD_1_045,CA_1,2.206185866379753,Maintain Stock
HOUSEHOLD_1_246,CA_1,2.7505275602226127,Maintain Stock
FOODS_3_193,CA_1,0.5643726676557558,Reduce Stock
HOUSEHOLD_1_387,CA_1,2.4100332849271995,Maintain Stock
FOODS_3_054,CA_1,5.26503791300982,Increase Stock
HOUSEHOLD_1_003,CA_1,0.7946026046462197,Reduce Stock
HOUSEHOLD_1_249,CA_1,0.941001882098637,Reduce Stock
FOODS_3_431,CA_1,3.6598195314088144,Maintain Stock
HOUSEHOLD_2_092,CA_1,0.3149973354405085,Reduce Stock
HOUSEHOLD_2_415,CA_1,0.2966688498697394,Reduce Stock
HOUSEHOLD_2_095,CA_1,0.5133771557997102,Reduce Stock
FOODS_2_205,CA_1,0.7293771641533286,Reduce Stock
HOBBIES_1_269,CA_1,0.3527498681416532,Reduce Stock
FOODS_3_739,CA_1,10.879497428653387,Increase Stock
HOUSEHOLD_2_235,CA_1,0.2966688498697394,Reduce Stock
HOUSEHOLD_2_380,CA_1,0.6745095426573923,Reduce Stock
FOODS_1_138,CA_1,1.7665611950677007,Reduce Stock
FOODS_3_159,CA_1,1.4757471860533335,Reduce Stock
HOUSEHOLD_1_281,CA_1,0.795617861614274,Reduce Stock
FOODS_2_065,CA_1,2.037524930214785,Maintain Stock
FOODS_1_103,CA_1,2.0389511775632965,Maintain Stock
HOUSEHOLD_1_394,CA_1,0.7107946933761075,Reduce Stock
FOODS_2_342,CA_1,2.1713409887880912,Maintain Stock
HOUSEHOLD_1_499,CA_1,0.8937496654754454,Reduce Stock
HOBBIES_1_050,CA_1,1.106315551869003,Reduce Stock
HOBBIES_1_129,CA_1,1.1867710982766988,Reduce Stock
FOODS_2_030,CA_1,3.153291833609277,Maintain Stock
HOUSEHOLD_2_270,CA_1,0.5375793803204343,Reduce Stock
HOUSEHOLD_1_252,CA_1,0.9597862278162032,Reduce Stock
FOODS_3_187,CA_1,1.6733330390499266,Reduce Stock
FOODS_2_162,CA_1,1.780348229328531,Reduce Stock
HOUSEHOLD_2_138,CA_1,0.1315934469350745,Reduce Stock
HOUSEHOLD_1_467,CA_1,1.0701018297137923,Reduce Stock
FOODS_3_048,CA_1,2.44287089934376,Maintain Stock
FOODS_2_374,CA_1,2.7445340944846714,Maintain Stock
FOODS_3_567,CA_1,1.6553033447937868,Reduce Stock
FOODS_3_285,CA_1,4.5854784526128505,Maintain Stock
FOODS_2_129,CA_1,0.2966770996211011,Reduce Stock
HOUSEHOLD_2_171,CA_1,0.8828294800923331,Reduce Stock
FOODS_3_814,CA_1,2.7269657504621243,Maintain Stock
FOODS_3_705,CA_1,1.754029910843643,Reduce Stock
HOBBIES_1_303,CA_1,0.1499219325058435,Reduce Stock
HOUSEHOLD_1_005,CA_1,1.0285489828135277,Reduce Stock
FOODS_3_429,CA_1,1.704165811102322,Reduce Stock
FOODS_3_112,CA_1,2.372073161617828,Maintain Stock
HOUSEHOLD_1_328,CA_1,1.9236756338557477,Reduce Stock
HOBBIES_1_341,CA_1,3.73035905957088,Maintain Stock
FOODS_3_666,CA_1,1.4865263023008175,Reduce Stock
HOBBIES_2_016,CA_1,0.2966688498697394,Reduce Stock
FOODS_3_491,CA_1,14.551250885864558,Increase Stock
FOODS_2_268,CA_1,0.8516616382595974,Reduce Stock
HOUSEHOLD_2_032,CA_1,0.2966688498697394,Reduce Stock
HOUSEHOLD_2_515,CA_1,0.5790925222688,Reduce Stock
FOODS_1_001,CA_1,0.754851454718842,Reduce Stock
FOODS_3_250,CA_1,1.4502178147285514,Reduce Stock
HOUSEHOLD_2_478,CA_1,0.2966688498697394,Reduce Stock
FOODS_1_039,CA_1,0.6054981345551661,Reduce Stock
HOUSEHOLD_1_188,CA_1,1.1867710982766988,Reduce Stock
FOODS_3_323,CA_1,0.856677392472972,Reduce Stock
HOUSEHOLD_1_115,CA_1,1.0355540772559635,Reduce Stock
HOUSEHOLD_1_153,CA_1,2.2461450730761685,Maintain Stock
HOBBIES_2_092,CA_1,0.3149973354405085,Reduce Stock
FOODS_3_631,CA_1,1.6601890382950908,Reduce Stock
FOODS_2_130,CA_1,2.3453589219446096,Maintain Stock
HOUSEHOLD_2_170,CA_1,1.1548402321255298,Reduce Stock
FOODS_3_251,CA_1,2.060707986856328,Maintain Stock
HOUSEHOLD_1_187,CA_1,0.4703216741563524,Reduce Stock
HOBBIES_1_051,CA_1,0.1499219325058435,Reduce Stock
HOBBIES_1_128,CA_1,0.5066745656080069,Reduce Stock
FOODS_3_706,CA_1,4.16164650404292,Maintain Stock
HOBBIES_1_302,CA_1,0.1177235177701507,Reduce Stock
FOODS_1_104,CA_1,2.698142955904364,Maintain Stock
HOUSEHOLD_2_414,CA_1,0.4078512884361301,Reduce Stock
FOODS_3_014,CA_1,1.5542074648237971,Reduce Stock
HOUSEHOLD_1_253,CA_1,0.3527498681416532,Reduce Stock
FOODS_3_186,CA_1,0.65973524468036,Reduce Stock
FOODS_2_204,CA_1,4.703854834244024,Maintain Stock
HOUSEHOLD_1_428,CA_1,0.2966688498697394,Reduce Stock
FOODS_2_064,CA_1,0.1316016966864361,Reduce Stock
FOODS_3_324,CA_1,18.311797628282505,Increase Stock
HOUSEHOLD_1_114,CA_1,2.4436243517997784,Maintain Stock
FOODS_2_131,CA_1,2.4310334836904293,Maintain Stock
HOUSEHOLD_2_169,CA_1,0.517356449187766,Reduce Stock
HOUSEHOLD_1_395,CA_1,1.2359836885419335,Reduce Stock
HOBBIES_1_342,CA_1,0.8575729273970292,Reduce Stock
FOODS_3_114,CA_1,1.8029202265902005,Reduce Stock
HOUSEHOLD_1_326,CA_1,0.891875723332833,Reduce Stock
FOODS_3_665,CA_1,1.6919133846153551,Reduce Stock
FOODS_3_047,CA_1,0.9498731712683554,Reduce Stock
HOUSEHOLD_2_236,CA_1,0.2966688498697394,Reduce Stock
HOUSEHOLD_2_096,CA_1,1.0972693086285032,Reduce Stock
HOBBIES_1_230,CA_1,0.4703216741563524,Reduce Stock
FOODS_3_779,CA_1,0.8155519255735617,Reduce Stock
HOBBIES_1_376,CA_1,0.8490992777862493,Reduce Stock
FOODS_3_394,CA_1,1.0791499860840914,Reduce Stock
FOODS_3_113,CA_1,5.286341584001782,Increase Stock
HOUSEHOLD_1_327,CA_1,5.158609326693892,Increase Stock
HOUSEHOLD_1_042,CA_1,2.322861305040068,Maintain Stock
HOUSEHOLD_2_309,CA_1,0.2966688498697394,Reduce Stock
FOODS_1_210,CA_1,3.0897038838403024,Maintain Stock
HOBBIES_1_194,CA_1,2.0986681101656988,Maintain Stock
FOODS_3_813,CA_1,3.123696693358416,Maintain Stock
FOODS_3_492,CA_1,1.0089206363333685,Reduce Stock
HOBBIES_2_091,CA_1,0.4208719928986268,Reduce Stock
HOUSEHOLD_1_006,CA_1,1.4074904023542254,Reduce Stock
HOUSEHOLD_1_538,CA_1,1.8452915447505072,Reduce Stock
FOODS_2_303,CA_1,0.4120172032316318,Reduce Stock
FOODS_1_178,CA_1,1.141819574593969,Reduce Stock
HOUSEHOLD_2_341,CA_1,1.333634074114026,Reduce Stock
HOUSEHOLD_2_479,CA_1,0.1315934469350745,Reduce Stock
FOODS_1_038,CA_1,0.9884888842307612,Reduce Stock
FOODS_3_428,CA_1,1.5542074648237971,Reduce Stock
FOODS_2_269,CA_1,1.4092211168878097,Reduce Stock
HOBBIES_2_017,CA_1,0.7057743391291555,Reduce Stock
FOODS_3_566,CA_1,27.922395782129364,Increase Stock
HOUSEHOLD_2_031,CA_1,0.3710783537124223,Reduce Stock
HOUSEHOLD_1_081,CA_1,0.8901443083432347,Reduce Stock
FOODS_3_355,CA_1,3.969580780816557,Maintain Stock
HOBBIES_1_193,CA_1,0.8258938007846368,Reduce Stock
FOODS_1_096,CA_1,0.8001386387663677,Reduce Stock
HOUSEHOLD_1_429,CA_1,5.856421940715309,Increase Stock
FOODS_3_188,CA_1,0.5375876300717959,Reduce Stock
HOUSEHOLD_1_152,CA_1,0.3260980631766986,Reduce Stock
FOODS_3_286,CA_1,1.09880448612835,Reduce Stock
HOUSEHOLD_1_079,CA_1,2.1426383323735334,Maintain Stock
FOODS_3_357,CA_1,0.8922513677704621,Reduce Stock
HOBBIES_2_063,CA_1,0.9432072644288596,Reduce Stock
FOODS_3_520,CA_1,0.8922513677704621,Reduce Stock
HOUSEHOLD_1_390,CA_1,1.248296748883775,Reduce Stock
FOODS_3_050,CA_1,0.1316016966864361,Reduce Stock
FOODS_3_629,CA_1,0.8210011789907226,Reduce Stock
HOUSEHOLD_2_476,CA_1,0.4810286113338585,Reduce Stock
FOODS_1_041,CA_1,1.7597799868319008,Reduce Stock
HOBBIES_2_094,CA_1,0.3320170897462103,Reduce Stock
HOBBIES_1_378,CA_1,3.159994946341102,Maintain Stock
HOBBIES_1_304,CA_1,0.3149973354405085,Reduce Stock
HOUSEHOLD_2_379,CA_1,0.3320170897462103,Reduce Stock
FOODS_1_139,CA_1,4.478455495905998,Maintain Stock
HOBBIES_2_014,CA_1,0.379941393130779,Reduce Stock
FOODS_3_569,CA_1,1.0862258217463765,Reduce Stock
HOBBIES_1_192,CA_1,0.2966688498697394,Reduce Stock
FOODS_3_815,CA_1,0.6167521427028891,Reduce Stock
FOODS_3_322,CA_1,2.770545226952238,Maintain Stock
HOUSEHOLD_1_116,CA_1,0.4244509994697786,Reduce Stock
FOODS_3_153,CA_1,0.2558048397153237,Reduce Stock
HOUSEHOLD_2_093,CA_1,1.021501459188742,Reduce Stock
FOODS_3_704,CA_1,4.74995586835708,Maintain Stock
FOODS_2_207,CA_1,0.1316016966864361,Reduce Stock
FOODS_3_489,CA_1,2.531129846550973,Maintain Stock
HOUSEHOLD_2_233,CA_1,0.1315934469350745,Reduce Stock
HOUSEHOLD_1_465,CA_1,11.765581148166811,Increase Stock
FOODS_2_376,CA_1,1.4652488132470465,Reduce Stock
FOODS_2_266,CA_1,2.8287650118671857,Maintain Stock
FOODS_2_208,CA_1,1.485744596667614,Reduce Stock
HOUSEHOLD_2_034,CA_1,0.2966688498697394,Reduce Stock
FOODS_3_012,CA_1,2.1130916837020344,Maintain Stock
HOUSEHOLD_1_430,CA_1,4.476152654188451,Maintain Stock
HOBBIES_1_047,CA_1,1.4058550689662952,Reduce Stock
HOBBIES_1_132,CA_1,2.6637932764640264,Maintain Stock
FOODS_3_190,CA_1,3.060687617846824,Maintain Stock
HOUSEHOLD_2_307,CA_1,0.3710783537124223,Reduce Stock
FOODS_2_067,CA_1,1.3869996505189566,Reduce Stock
FOODS_1_212,CA_1,0.8267342357536982,Reduce Stock
HOUSEHOLD_1_190,CA_1,0.5472544843832774,Reduce Stock
FOODS_2_127,CA_1,0.686084474681568,Reduce Stock
HOUSEHOLD_2_173,CA_1,0.5989965246869464,Reduce Stock
HOBBIES_1_340,CA_1,0.3320170897462103,Reduce Stock
FOODS_3_667,CA_1,0.6186902141233747,Reduce Stock
FOODS_1_101,CA_1,0.8001386387663677,Reduce Stock
HOUSEHOLD_2_417,CA_1,0.2966688498697394,Reduce Stock
FOODS_1_176,CA_1,0.6803843966244099,Reduce Stock
HOUSEHOLD_2_343,CA_1,0.4333852920656499,Reduce Stock
FOODS_3_110,CA_1,0.65973524468036,Reduce Stock
HOUSEHOLD_1_330,CA_1,1.8536258357254327,Reduce Stock
FOODS_3_248,CA_1,2.0290933538353992,Maintain Stock
HOUSEHOLD_1_287,CA_1,1.9262988344064869,Reduce Stock
HOUSEHOLD_1_004,CA_1,3.0944468654624653,Maintain Stock
HOBBIES_1_048,CA_1,17.7301134679952,Increase Stock
FOODS_1_040,CA_1,2.5728217089414835,Maintain Stock
HOUSEHOLD_1_537,CA_1,1.25396339931946,Reduce Stock
FOODS_2_304,CA_1,2.9625541973668605,Maintain Stock
HOUSEHOLD_2_308,CA_1,0.7479403055416549,Reduce Stock
FOODS_1_211,CA_1,0.1499301822572051,Reduce Stock
HOUSEHOLD_2_234,CA_1,0.1669416868115453,Reduce Stock
HOBBIES_2_015,CA_1,0.4867705631898607,Reduce Stock
FOODS_3_568,CA_1,3.976831259304694,Maintain Stock
FOODS_2_066,CA_1,0.1499301822572051,Reduce Stock
HOUSEHOLD_1_393,CA_1,1.0089123865820069,Reduce Stock
HOUSEHOLD_2_094,CA_1,0.1315934469350745,Reduce Stock
HOUSEHOLD_2_477,CA_1,2.173146216417583,Maintain Stock
FOODS_2_206,CA_1,1.1759196274067063,Reduce Stock
FOODS_1_177,CA_1,0.754851454718842,Reduce Stock
HOUSEHOLD_2_342,CA_1,1.111087842872715,Reduce Stock
FOODS_3_778,CA_1,1.1862191094964127,Reduce Stock
HOBBIES_1_231,CA_1,0.995877511807171,Reduce Stock
HOBBIES_1_049,CA_1,0.4244509994697786,Reduce Stock
HOBBIES_1_130,CA_1,1.030547702429242,Reduce Stock
FOODS_3_630,CA_1,0.8972577425971838,Reduce Stock
HOBBIES_1_377,CA_1,0.4697381835173045,Reduce Stock
HOUSEHOLD_1_080,CA_1,0.8901443083432347,Reduce Stock
FOODS_3_356,CA_1,1.9059612697747972,Reduce Stock
HOUSEHOLD_1_251,CA_1,1.2394337094654182,Reduce Stock
FOODS_3_049,CA_1,1.444204941582736,Reduce Stock
HOBBIES_1_095,CA_1,0.2966688498697394,Reduce Stock
HOBBIES_1_084,CA_1,0.9823571274074804,Reduce Stock
HOBBIES_2_093,CA_1,0.7913700956011399,Reduce Stock
HOBBIES_1_131,CA_1,1.6460092943809324,Reduce Stock
FOODS_3_430,CA_1,0.592549918182165,Reduce Stock
HOBBIES_1_268,CA_1,7.970065684523198,Increase Stock
FOODS_3_741,CA_1,19.34910172895839,Increase Stock
FOODS_2_267,CA_1,3.564771260672277,Maintain Stock
HOUSEHOLD_2_033,CA_1,0.8173458838016247,Reduce Stock
HOUSEHOLD_1_250,CA_1,0.453138472483656,Reduce Stock
FOODS_3_189,CA_1,1.730924672592601,Reduce Stock
FOODS_2_029,CA_1,6.710023933520554,Increase Stock
HOUSEHOLD_2_271,CA_1,0.2966688498697394,Reduce Stock
FOODS_2_128,CA_1,12.403023530550492,Increase Stock
HOUSEHOLD_2_172,CA_1,0.8922431180191005,Reduce Stock
FOODS_2_341,CA_1,0.592549918182165,Reduce Stock
HOUSEHOLD_1_500,CA_1,0.6564771469084886,Reduce Stock
FOODS_3_249,CA_1,4.818547710830685,Maintain Stock
HOUSEHOLD_1_189,CA_1,0.1315934469350745,Reduce Stock
FOODS_3_111,CA_1,1.0592503588437998,Reduce Stock
HOUSEHOLD_1_329,CA_1,1.831826627844089,Reduce Stock
FOODS_3_393,CA_1,8.330305631579682,Increase Stock
HOUSEHOLD_1_043,CA_1,1.430260923765245,Reduce Stock
FOODS_1_102,CA_1,0.5290178035789539,Reduce Stock
HOUSEHOLD_2_416,CA_1,0.6144398108814725,Reduce Stock
HOUSEHOLD_1_466,CA_1,0.6758839647305761,Reduce Stock
FOODS_2_375,CA_1,0.8243408632870919,Reduce Stock
FOODS_3_490,CA_1,1.3438859146730455,Reduce Stock
FOODS_3_013,CA_1,3.7952695208256704,Maintain Stock
FOODS_3_617,CA_1,3.161861222867595,Maintain Stock
HOUSEHOLD_2_346,CA_1,0.8214816434060614,Reduce Stock
HOUSEHOLD_2_178,CA_1,0.6668377214900761,Reduce Stock
FOODS_3_364,CA_1,0.4939486577893903,Reduce Stock
FOODS_3_239,CA_1,1.4012441273720797,Reduce Stock
HOUSEHOLD_1_199,CA_1,0.1404564863534312,Reduce Stock
HOBBIES_1_036,CA_1,1.2985185860486608,Reduce Stock
HOBBIES_1_143,CA_1,0.3320170897462103,Reduce Stock
FOODS_2_023,CA_1,1.3278844359278383,Reduce Stock
HOUSEHOLD_2_277,CA_1,0.5537093406394207,Reduce Stock
FOODS_3_696,CA_1,1.4208095468043258,Reduce Stock
HOBBIES_1_311,CA_1,0.4939404080380287,Reduce Stock
FOODS_1_091,CA_1,1.9823126300382763,Reduce Stock
FOODS_2_116,CA_1,1.476902279410789,Reduce Stock
HOUSEHOLD_1_072,CA_1,1.86397331759414,Reduce Stock
HOUSEHOLD_2_185,CA_1,1.5741780179764633,Reduce Stock
HOUSEHOLD_2_224,CA_1,0.1315934469350745,Reduce Stock
FOODS_3_099,CA_1,20.15532665278906,Increase Stock
HOUSEHOLD_1_341,CA_1,0.4244509994697786,Reduce Stock
FOODS_2_076,CA_1,0.7309383514022352,Reduce Stock
FOODS_3_315,CA_1,1.3950075551725565,Reduce Stock
HOUSEHOLD_1_123,CA_1,0.3683699811978648,Reduce Stock
FOODS_3_007,CA_1,3.1627487336316453,Maintain Stock
HOUSEHOLD_1_435,CA_1,0.3880981080181241,Reduce Stock
FOODS_3_478,CA_1,1.2426374692105555,Reduce Stock
HOBBIES_2_105,CA_1,0.1499219325058435,Reduce Stock
HOUSEHOLD_1_381,CA_1,1.424130799591196,Reduce Stock
HOUSEHOLD_2_426,CA_1,0.8947185395625766,Reduce Stock
FOODS_3_060,CA_1,1.470077413267309,Reduce Stock
FOODS_3_581,CA_1,1.5484573888355395,Reduce Stock
FOODS_1_145,CA_1,2.687906986547322,Maintain Stock
FOODS_3_292,CA_1,7.196907360125288,Increase Stock
FOODS_3_619,CA_1,0.4697464332686661,Reduce Stock
HOUSEHOLD_2_464,CA_1,0.2966688498697394,Reduce Stock
FOODS_1_053,CA_1,0.3980453019405408,Reduce Stock
HOBBIES_1_388,CA_1,1.573060605250698,Reduce Stock
HOUSEHOLD_2_141,CA_1,0.1315934469350745,Reduce Stock
FOODS_2_159,CA_1,0.3881063577694857,Reduce Stock
FOODS_3_523,CA_1,4.192906856399659,Maintain Stock
FOODS_1_169,CA_1,0.5375876300717959,Reduce Stock
HOUSEHOLD_2_350,CA_1,0.453138472483656,Reduce Stock
HOBBIES_2_060,CA_1,0.360633309582573,Reduce Stock
HOBBIES_2_002,CA_1,0.3055318892880961,Reduce Stock
FOODS_3_387,CA_1,2.2809762399463533,Maintain Stock
HOUSEHOLD_2_081,CA_1,0.3683699811978648,Reduce Stock
FOODS_2_219,CA_1,2.144838038412816,Maintain Stock
HOBBIES_1_181,CA_1,0.4078512884361301,Reduce Stock
FOODS_3_825,CA_1,1.2422468058556495,Reduce Stock
HOUSEHOLD_1_237,CA_1,0.1315934469350745,Reduce Stock
FOODS_3_201,CA_1,1.8508785170422204,Reduce Stock
HOBBIES_1_088,CA_1,0.5583587926095587,Reduce Stock
HOBBIES_1_091,CA_1,1.037933833031264,Reduce Stock
FOODS_2_257,CA_1,1.6963496576175376,Reduce Stock
HOUSEHOLD_2_043,CA_1,0.4244509994697786,Reduce Stock
HOUSEHOLD_2_373,CA_1,0.7218000096004452,Reduce Stock
HOUSEHOLD_1_049,CA_1,1.176669850616843,Reduce Stock
FOODS_1_219,CA_1,3.5724457225686628,Maintain Stock
HOUSEHOLD_2_465,CA_1,1.37149689727393,Reduce Stock
HOBBIES_1_261,CA_1,9.495991039730624,Increase Stock
FOODS_3_672,CA_1,1.5786580234142142,Reduce Stock
HOUSEHOLD_2_301,CA_1,0.8699157549225982,Reduce Stock
FOODS_1_218,CA_1,8.154295543386906,Increase Stock
FOODS_3_240,CA_1,0.9437732532554148,Reduce Stock
HOUSEHOLD_1_198,CA_1,3.575354226627867,Maintain Stock
FOODS_2_117,CA_1,1.0862258217463765,Reduce Stock
HOUSEHOLD_2_184,CA_1,0.8016915762639126,Reduce Stock
FOODS_1_092,CA_1,0.8681105272931058,Reduce Stock
HOUSEHOLD_2_425,CA_1,0.6909301270186301,Reduce Stock
HOUSEHOLD_1_147,CA_1,3.1770163722325107,Maintain Stock
FOODS_1_170,CA_1,4.1314987317946885,Maintain Stock
HOBBIES_1_142,CA_1,1.871969265998219,Reduce Stock
HOUSEHOLD_2_349,CA_1,1.0695415911821442,Reduce Stock
FOODS_3_100,CA_1,0.8963761552266667,Reduce Stock
HOUSEHOLD_1_340,CA_1,0.2966688498697394,Reduce Stock
HOUSEHOLD_2_225,CA_1,2.2360444668044166,Maintain Stock
FOODS_3_479,CA_1,1.1192999879187944,Reduce Stock
HOBBIES_2_104,CA_1,0.4333852920656499,Reduce Stock
FOODS_2_075,CA_1,3.154737208389602,Maintain Stock
HOUSEHOLD_1_073,CA_1,0.4244509994697786,Reduce Stock
FOODS_3_363,CA_1,14.706761436791462,Increase Stock
FOODS_3_388,CA_1,1.6899148870765803,Reduce Stock
HOUSEHOLD_1_048,CA_1,2.9156498718925143,Maintain Stock
HOUSEHOLD_2_466,CA_1,0.2469335505456053,Reduce Stock
FOODS_3_291,CA_1,5.141715083785544,Increase Stock
FOODS_1_052,CA_1,2.383496747913707,Maintain Stock
HOBBIES_1_037,CA_1,0.7535711389226912,Reduce Stock
HOUSEHOLD_2_042,CA_1,0.2966688498697394,Reduce Stock
FOODS_3_748,CA_1,0.9680192172102232,Reduce Stock
HOBBIES_2_144,CA_1,1.0796961224804376,Reduce Stock
FOODS_3_439,CA_1,4.318379048199418,Maintain Stock
HOUSEHOLD_1_531,CA_1,0.5375793803204343,Reduce Stock
FOODS_2_310,CA_1,0.8662883630382485,Reduce Stock
HOUSEHOLD_2_082,CA_1,0.5371096296057721,Reduce Stock
FOODS_2_218,CA_1,1.2516874768464676,Reduce Stock
FOODS_3_620,CA_1,0.8001386387663677,Reduce Stock
HOBBIES_1_387,CA_1,9.591112566525933,Increase Stock
FOODS_2_334,CA_1,1.3705888652952871,Reduce Stock
HOUSEHOLD_1_507,CA_1,1.85254967290399,Reduce Stock
HOBBIES_1_335,CA_1,0.8617879311444148,Reduce Stock
HOUSEHOLD_1_238,CA_1,1.1766647281356806,Reduce Stock
FOODS_3_772,CA_1,4.589207508464816,Maintain Stock
HOBBIES_1_237,CA_1,0.8214816434060614,Reduce Stock
HOBBIES_2_003,CA_1,0.5190772338568682,Reduce Stock
FOODS_3_580,CA_1,5.084573778686733,Increase Stock
HOBBIES_1_183,CA_1,0.2469335505456053,Reduce Stock
FOODS_3_824,CA_1,1.0862258217463765,Reduce Stock
HOUSEHOLD_1_459,CA_1,7.559783712756645,Increase Stock
FOODS_2_382,CA_1,2.0798087834273997,Maintain Stock
FOODS_2_258,CA_1,0.7108029431274691,Reduce Stock
HOBBIES_1_099,CA_1,1.820662219501678,Reduce Stock
HOBBIES_1_081,CA_1,0.962637197945872,Reduce Stock
FOODS_3_200,CA_1,1.6716715503430868,Reduce Stock
HOUSEHOLD_2_300,CA_1,0.1315934469350745,Reduce Stock
HOUSEHOLD_1_146,CA_1,1.4649699843745283,Reduce Stock
HOBBIES_2_106,CA_1,0.1404564863534312,Reduce Stock
HOUSEHOLD_2_079,CA_1,0.3710783537124223,Reduce Stock
FOODS_2_221,CA_1,2.276116185950424,Maintain Stock
HOUSEHOLD_2_372,CA_1,0.6909301270186301,Reduce Stock
FOODS_1_146,CA_1,1.5272253096857793,Reduce Stock
HOUSEHOLD_1_235,CA_1,1.7946588659168217,Reduce Stock
FOODS_3_203,CA_1,4.526045221357535,Maintain Stock
HOUSEHOLD_2_299,CA_1,1.0644733423553054,Reduce Stock
FOODS_2_001,CA_1,1.5379590160292522,Reduce Stock
HOUSEHOLD_2_222,CA_1,1.5611791464085372,Reduce Stock
FOODS_2_078,CA_1,0.6254386370864893,Reduce Stock
HOUSEHOLD_1_379,CA_1,0.9278727971085312,Reduce Stock
HOUSEHOLD_2_428,CA_1,0.517356449187766,Reduce Stock
HOBBIES_1_424,CA_1,1.3222344381331264,Reduce Stock
FOODS_3_062,CA_1,1.6675312236798203,Reduce Stock
FOODS_2_022,CA_1,0.4697464332686661,Reduce Stock
HOUSEHOLD_2_278,CA_1,0.1315934469350745,Reduce Stock
FOODS_1_168,CA_1,0.5375876300717959,Reduce Stock
HOUSEHOLD_2_351,CA_1,0.2966688498697394,Reduce Stock
HOBBIES_1_034,CA_1,0.5190772338568682,Reduce Stock
HOBBIES_1_145,CA_1,1.2980789104070671,Reduce Stock
HOBBIES_2_142,CA_1,0.1712320009666393,Reduce Stock
FOODS_3_441,CA_1,0.1177317675215124,Reduce Stock
FOODS_2_114,CA_1,0.3710866034637839,Reduce Stock
HOUSEHOLD_2_187,CA_1,1.104070674938911,Reduce Stock
FOODS_3_583,CA_1,1.6454260151403453,Reduce Stock
FOODS_3_006,CA_1,0.4120172032316318,Reduce Stock
FOODS_1_089,CA_1,0.8243408632870919,Reduce Stock
HOUSEHOLD_1_457,CA_1,3.051610857181148,Maintain Stock
HOUSEHOLD_2_188,CA_1,0.7178249835947602,Reduce Stock
HOBBIES_1_390,CA_1,0.3527498681416532,Reduce Stock
HOBBIES_1_179,CA_1,1.120661711817622,Reduce Stock
FOODS_3_827,CA_1,6.913794124505088,Increase Stock
HOUSEHOLD_1_145,CA_1,2.676637073684401,Maintain Stock
HOBBIES_1_259,CA_1,0.6019364580450166,Reduce Stock
FOODS_3_750,CA_1,3.089649508820207,Maintain Stock
FOODS_3_293,CA_1,0.8397541500942858,Reduce Stock
FOODS_3_158,CA_1,1.3927722278543009,Reduce Stock
HOUSEHOLD_1_282,CA_1,2.919775831156547,Maintain Stock
FOODS_3_096,CA_1,1.4650483730080832,Reduce Stock
FOODS_2_384,CA_1,1.2907853079889788,Reduce Stock
HOUSEHOLD_1_344,CA_1,1.34184810507089,Reduce Stock
HOUSEHOLD_2_045,CA_1,0.2032945782631999,Reduce Stock
FOODS_2_332,CA_1,0.5201547641605971,Reduce Stock
HOUSEHOLD_1_509,CA_1,1.206561774579683,Reduce Stock
FOODS_3_475,CA_1,0.5561257735529958,Reduce Stock
HOBBIES_2_108,CA_1,0.1315934469350745,Reduce Stock
FOODS_3_386,CA_1,2.407508189057181,Maintain Stock
HOUSEHOLD_1_050,CA_1,1.7216478404148017,Reduce Stock
FOODS_3_237,CA_1,1.0950888611647334,Reduce Stock
HOUSEHOLD_2_462,CA_1,0.2966688498697394,Reduce Stock
FOODS_1_055,CA_1,4.549443928753697,Maintain Stock
HOUSEHOLD_1_201,CA_1,1.428783221705032,Reduce Stock
FOODS_2_255,CA_1,0.8922513677704621,Reduce Stock
HOUSEHOLD_1_071,CA_1,3.7516213553934334,Maintain Stock
FOODS_3_365,CA_1,0.8243408632870919,Reduce Stock
HOUSEHOLD_1_436,CA_1,0.4575875165863741,Reduce Stock
HOUSEHOLD_2_427,CA_1,0.6054898848038045,Reduce Stock
HOBBIES_2_001,CA_1,0.1315934469350745,Reduce Stock
FOODS_3_582,CA_1,0.186703116980913,Reduce Stock
FOODS_3_771,CA_1,2.799733972677976,Maintain Stock
HOBBIES_1_238,CA_1,0.4120089534802701,Reduce Stock
HOBBIES_1_035,CA_1,0.1315934469350745,Reduce Stock
HOBBIES_1_144,CA_1,1.6216581033774722,Reduce Stock
FOODS_2_333,CA_1,0.6840899801058027,Reduce Stock
HOUSEHOLD_1_508,CA_1,0.8223863147645829,Reduce Stock
HOUSEHOLD_2_223,CA_1,0.2966688498697394,Reduce Stock
FOODS_2_077,CA_1,1.3334779474892269,Reduce Stock
FOODS_1_090,CA_1,0.2033028280145615,Reduce Stock
HOUSEHOLD_1_380,CA_1,0.3683699811978648,Reduce Stock
HOUSEHOLD_2_186,CA_1,0.5472544843832774,Reduce Stock
FOODS_3_061,CA_1,0.8098914297174369,Reduce Stock
HOBBIES_1_334,CA_1,0.7654601983929348,Reduce Stock
FOODS_3_673,CA_1,2.179085946715216,Maintain Stock
HOUSEHOLD_1_458,CA_1,6.279619064955424,Increase Stock
FOODS_2_383,CA_1,0.7201812640967704,Reduce Stock
FOODS_3_098,CA_1,1.645309290363891,Reduce Stock
HOUSEHOLD_1_342,CA_1,1.339844133129468,Reduce Stock
HOBBIES_2_143,CA_1,0.1955579066479081,Reduce Stock
FOODS_3_440,CA_1,0.8925360671913405,Reduce Stock
FOODS_3_477,CA_1,6.321977715698462,Increase Stock
FOODS_2_115,CA_1,2.045639311460417,Maintain Stock
FOODS_3_749,CA_1,1.47228008629534,Reduce Stock
HOBBIES_1_260,CA_1,0.4222392767099033,Reduce Stock
FOODS_3_202,CA_1,18.29680313754668,Increase Stock
FOODS_3_618,CA_1,6.268647009393302,Increase Stock
FOODS_3_097,CA_1,5.519997220546214,Increase Stock
HOUSEHOLD_1_343,CA_1,1.6453010406125297,Reduce Stock
HOBBIES_1_389,CA_1,0.5716898764757917,Reduce Stock
HOBBIES_1_180,CA_1,0.4680899717521841,Reduce Stock
FOODS_3_476,CA_1,1.9528492307843093,Reduce Stock
HOBBIES_2_107,CA_1,0.6694214476775009,Reduce Stock
FOODS_3_826,CA_1,1.546623493482949,Reduce Stock
FOODS_3_695,CA_1,6.998178150080899,Increase Stock
HOBBIES_1_312,CA_1,4.853059984255913,Maintain Stock
HOUSEHOLD_1_530,CA_1,1.5433149915587767,Reduce Stock
FOODS_2_311,CA_1,1.0780738416396367,Reduce Stock
HOUSEHOLD_2_463,CA_1,0.7721425300623791,Reduce Stock
FOODS_1_054,CA_1,4.1959346884003175,Maintain Stock
FOODS_2_256,CA_1,0.6428924386440988,Reduce Stock
HOUSEHOLD_2_044,CA_1,3.3616486698892984,Maintain Stock
FOODS_3_314,CA_1,1.971450379854553,Reduce Stock
HOUSEHOLD_1_124,CA_1,1.2640762836897068,Reduce Stock
FOODS_3_238,CA_1,3.2292304889933177,Maintain Stock
HOUSEHOLD_2_080,CA_1,0.517356449187766,Reduce Stock
FOODS_2_220,CA_1,2.242252384444958,Maintain Stock
HOUSEHOLD_1_200,CA_1,1.3923970469171365,Reduce Stock
FOODS_3_532,CA_1,2.245587335839561,Maintain Stock
HOBBIES_2_051,CA_1,0.3320170897462103,Reduce Stock
HOUSEHOLD_1_236,CA_1,2.0891881201584623,Maintain Stock
FOODS_1_051,CA_1,1.0862258217463765,Reduce Stock
HOUSEHOLD_1_382,CA_1,1.5543252293503167,Reduce Stock
FOODS_3_059,CA_1,1.644724288503291,Reduce Stock
FOODS_2_166,CA_1,0.4680982215035457,Reduce Stock
FOODS_3_009,CA_1,0.7889460146620124,Reduce Stock
HOUSEHOLD_1_433,CA_1,0.7107946933761075,Reduce Stock
HOUSEHOLD_1_533,CA_1,1.096868469384866,Reduce Stock
FOODS_1_172,CA_1,1.6210279831032923,Reduce Stock
HOUSEHOLD_2_347,CA_1,0.6911092536910408,Reduce Stock
FOODS_2_308,CA_1,1.2053414846783552,Reduce Stock
FOODS_2_261,CA_1,0.5187775109889163,Reduce Stock
HOUSEHOLD_1_243,CA_1,3.042234831829605,Maintain Stock
FOODS_3_196,CA_1,0.8922513677704621,Reduce Stock
HOUSEHOLD_2_039,CA_1,0.597348312921826,Reduce Stock
HOBBIES_2_007,CA_1,0.7272155058266025,Reduce Stock
FOODS_1_048,CA_1,0.92185044579218,Reduce Stock
FOODS_3_576,CA_1,1.0183153172630066,Reduce Stock
HOUSEHOLD_1_195,CA_1,0.8222338038598644,Reduce Stock
HOUSEHOLD_1_075,CA_1,0.7980315793391403,Reduce Stock
FOODS_3_361,CA_1,1.5598951211386451,Reduce Stock
FOODS_3_774,CA_1,0.3683782309492265,Reduce Stock
HOBBIES_1_041,CA_1,0.615645281414522,Reduce Stock
HOBBIES_1_138,CA_1,0.5254980210697443,Reduce Stock
HOBBIES_1_235,CA_1,1.1883707508748034,Reduce Stock
HOBBIES_2_048,CA_1,0.1315934469350745,Reduce Stock
HOUSEHOLD_2_086,CA_1,0.1315934469350745,Reduce Stock
FOODS_2_214,CA_1,1.9490441987111928,Reduce Stock
FOODS_3_535,CA_1,4.915994693803248,Maintain Stock
FOODS_3_243,CA_1,1.0336824452708389,Reduce Stock
FOODS_3_700,CA_1,1.844387808501721,Reduce Stock
HOUSEHOLD_2_469,CA_1,0.3527498681416532,Reduce Stock
HOBBIES_1_186,CA_1,1.5702253896490372,Reduce Stock
FOODS_1_143,CA_1,2.107465531774157,Maintain Stock
HOBBIES_1_040,CA_1,0.8243326135357303,Reduce Stock
HOBBIES_1_139,CA_1,1.38054314051443,Reduce Stock
FOODS_2_336,CA_1,0.6054981345551661,Reduce Stock
HOUSEHOLD_1_505,CA_1,2.3051407221065947,Maintain Stock
HOUSEHOLD_1_384,CA_1,0.941001882098637,Reduce Stock
FOODS_2_215,CA_1,2.965772538565551,Maintain Stock
FOODS_3_057,CA_1,1.0373550114482248,Reduce Stock
FOODS_2_120,CA_1,0.7293771641533286,Reduce Stock
HOUSEHOLD_2_180,CA_1,0.4078512884361301,Reduce Stock
FOODS_2_025,CA_1,1.0592503588437998,Reduce Stock
FOODS_3_821,CA_1,2.046270798240555,Maintain Stock
HOUSEHOLD_2_275,CA_1,0.2173054819378991,Reduce Stock
FOODS_2_380,CA_1,2.261009555086698,Maintain Stock
HOBBIES_2_147,CA_1,0.8303446828244182,Reduce Stock
FOODS_3_436,CA_1,0.6054981345551661,Reduce Stock
FOODS_3_103,CA_1,1.0592503588437998,Reduce Stock
HOUSEHOLD_1_337,CA_1,0.4911734661113635,Reduce Stock
FOODS_3_623,CA_1,0.8276158231242154,Reduce Stock
HOBBIES_1_384,CA_1,1.38054314051443,Reduce Stock
FOODS_3_482,CA_1,2.444482742651011,Maintain Stock
HOBBIES_2_101,CA_1,0.3616129075600099,Reduce Stock
HOUSEHOLD_2_303,CA_1,0.4078512884361301,Reduce Stock
FOODS_1_216,CA_1,0.5915060622998287,Reduce Stock
HOUSEHOLD_1_461,CA_1,1.538411348436869,Reduce Stock
HOBBIES_1_308,CA_1,0.8222338038598644,Reduce Stock
FOODS_1_095,CA_1,0.1177317675215124,Reduce Stock
HOUSEHOLD_2_422,CA_1,0.3880981080181241,Reduce Stock
HOBBIES_2_008,CA_1,0.2966688498697394,Reduce Stock
FOODS_3_575,CA_1,1.1759196274067063,Reduce Stock
HOBBIES_1_383,CA_1,0.8001303890150061,Reduce Stock
HOBBIES_1_187,CA_1,0.789662422913659,Reduce Stock
FOODS_3_820,CA_1,2.5976312356753177,Maintain Stock
HOUSEHOLD_1_462,CA_1,1.5475852776046997,Reduce Stock
FOODS_2_379,CA_1,0.6846626471862594,Reduce Stock
HOUSEHOLD_1_244,CA_1,1.3712766801990146,Reduce Stock
FOODS_3_195,CA_1,1.1619936711861376,Reduce Stock
HOUSEHOLD_2_376,CA_1,0.7564043922163869,Reduce Stock
FOODS_1_142,CA_1,1.7518116457816,Reduce Stock
FOODS_3_624,CA_1,1.7063637761100885,Reduce Stock
FOODS_2_262,CA_1,1.0183153172630066,Reduce Stock
HOBBIES_1_137,CA_1,1.1602158391021724,Reduce Stock
HOUSEHOLD_2_038,CA_1,0.517356449187766,Reduce Stock
HOUSEHOLD_2_304,CA_1,0.1669416868115453,Reduce Stock
FOODS_1_215,CA_1,3.7408364185651455,Maintain Stock
FOODS_3_244,CA_1,0.5643726676557558,Reduce Stock
HOUSEHOLD_2_087,CA_1,0.1177235177701507,Reduce Stock
FOODS_2_213,CA_1,0.8904905875589726,Reduce Stock
HOUSEHOLD_1_194,CA_1,0.962637197945872,Reduce Stock
FOODS_2_026,CA_1,0.6854986564499908,Reduce Stock
HOUSEHOLD_2_274,CA_1,0.1315934469350745,Reduce Stock
FOODS_2_122,CA_1,0.186703116980913,Reduce Stock
HOBBIES_1_042,CA_1,0.4680899717521841,Reduce Stock
HOUSEHOLD_1_046,CA_1,2.9570270889748755,Maintain Stock
FOODS_3_390,CA_1,1.98031341927291,Reduce Stock
HOUSEHOLD_1_504,CA_1,0.6564771469084886,Reduce Stock
FOODS_2_121,CA_1,0.9579145958310776,Reduce Stock
HOUSEHOLD_2_179,CA_1,0.453138472483656,Reduce Stock
HOBBIES_1_337,CA_1,3.355143968180313,Maintain Stock
FOODS_3_670,CA_1,0.6079071293279867,Reduce Stock
FOODS_3_318,CA_1,11.922826632565938,Increase Stock
HOUSEHOLD_1_120,CA_1,0.3683699811978648,Reduce Stock
HOUSEHOLD_2_228,CA_1,0.1315934469350745,Reduce Stock
FOODS_3_104,CA_1,1.7270826490038476,Reduce Stock
HOUSEHOLD_1_336,CA_1,0.9947776071299356,Reduce Stock
FOODS_2_072,CA_1,0.821489893157423,Reduce Stock
HOUSEHOLD_1_385,CA_1,1.8112833041740288,Reduce Stock
FOODS_3_483,CA_1,1.6914244710500033,Reduce Stock
HOBBIES_2_100,CA_1,0.9432072644288596,Reduce Stock
FOODS_3_056,CA_1,0.8303529325757798,Reduce Stock
HOUSEHOLD_1_149,CA_1,1.8936213596727205,Reduce Stock
HOBBIES_1_264,CA_1,0.7001554969315408,Reduce Stock
FOODS_3_745,CA_1,0.3527581178930149,Reduce Stock
FOODS_3_289,CA_1,1.743331097798393,Reduce Stock
HOUSEHOLD_2_470,CA_1,2.079158869004542,Maintain Stock
FOODS_1_047,CA_1,2.566383293401468,Maintain Stock
HOBBIES_2_148,CA_1,0.6258473035071628,Reduce Stock
HOUSEHOLD_1_299,CA_1,1.2229848204319098,Reduce Stock
FOODS_3_141,CA_1,1.2879815457352788,Reduce Stock
FOODS_3_435,CA_1,2.3255857921428187,Maintain Stock
FOODS_2_337,CA_1,0.547262734134639,Reduce Stock
HOUSEHOLD_2_375,CA_1,0.8947185395625766,Reduce Stock
FOODS_1_173,CA_1,4.738189567663008,Maintain Stock
FOODS_2_073,CA_1,0.3150055851918701,Reduce Stock
HOBBIES_2_006,CA_1,0.4939404080380287,Reduce Stock
FOODS_1_006,CA_1,3.202016394313902,Maintain Stock
HOBBIES_1_262,CA_1,1.0701018297137923,Reduce Stock
FOODS_3_747,CA_1,9.781430796352783,Increase Stock
FOODS_3_101,CA_1,3.4192491751426863,Maintain Stock
HOUSEHOLD_1_339,CA_1,6.163906076363114,Increase Stock
FOODS_3_008,CA_1,4.130580528511618,Maintain Stock
HOUSEHOLD_1_434,CA_1,3.6303403794739566,Maintain Stock
FOODS_3_480,CA_1,1.7270826490038476,Reduce Stock
HOBBIES_2_103,CA_1,0.6681306292433602,Reduce Stock
FOODS_3_241,CA_1,4.787778807052209,Maintain Stock
HOUSEHOLD_1_197,CA_1,1.8884913689218572,Reduce Stock
HOUSEHOLD_2_510,CA_1,0.9823571274074804,Reduce Stock
FOODS_2_335,CA_1,0.58857489217648,Reduce Stock
HOUSEHOLD_1_532,CA_1,1.242238556104288,Reduce Stock
HOUSEHOLD_2_467,CA_1,0.8922431180191005,Reduce Stock
FOODS_1_050,CA_1,1.0089206363333685,Reduce Stock
FOODS_2_309,CA_1,3.4074586419272754,Maintain Stock
FOODS_1_093,CA_1,0.1316016966864361,Reduce Stock
HOUSEHOLD_2_084,CA_1,0.3683699811978648,Reduce Stock
FOODS_2_216,CA_1,1.2365488320068438,Reduce Stock
HOUSEHOLD_2_424,CA_1,0.5133771557997102,Reduce Stock
HOUSEHOLD_1_460,CA_1,1.9236756338557477,Reduce Stock
FOODS_2_381,CA_1,3.134568518356642,Maintain Stock
HOUSEHOLD_2_226,CA_1,0.5375793803204343,Reduce Stock
HOUSEHOLD_1_506,CA_1,1.5788251351520737,Reduce Stock
FOODS_2_074,CA_1,2.79442750514364,Maintain Stock
HOUSEHOLD_2_041,CA_1,0.4612754309158524,Reduce Stock
FOODS_2_118,CA_1,0.4120172032316318,Reduce Stock
HOUSEHOLD_2_134,CA_1,0.517356449187766,Reduce Stock
HOBBIES_2_145,CA_1,0.1177235177701507,Reduce Stock
HOUSEHOLD_2_083,CA_1,0.7178249835947602,Reduce Stock
FOODS_2_217,CA_1,1.4241390493425576,Reduce Stock
FOODS_3_438,CA_1,2.1006825657086905,Maintain Stock
HOUSEHOLD_2_374,CA_1,0.8922431180191005,Reduce Stock
HOUSEHOLD_1_239,CA_1,0.7201730143454088,Reduce Stock
FOODS_3_199,CA_1,1.5379590160292522,Reduce Stock
FOODS_1_144,CA_1,1.1862191094964127,Reduce Stock
FOODS_3_697,CA_1,17.506394667145887,Increase Stock
HOBBIES_1_310,CA_1,0.4629962155849543,Reduce Stock
HOUSEHOLD_2_183,CA_1,0.4697381835173045,Reduce Stock
FOODS_3_621,CA_1,3.493712567657848,Maintain Stock
HOBBIES_2_004,CA_1,0.8859963299882295,Reduce Stock
FOODS_3_579,CA_1,0.6280089618338889,Reduce Stock
HOBBIES_1_184,CA_1,0.4244509994697786,Reduce Stock
FOODS_3_823,CA_1,2.1715044382005235,Maintain Stock
HOBBIES_1_038,CA_1,0.891875723332833,Reduce Stock
HOBBIES_1_141,CA_1,2.452005980606024,Maintain Stock
FOODS_2_024,CA_1,1.826296376501644,Reduce Stock
FOODS_3_316,CA_1,2.2168722932699665,Maintain Stock
HOUSEHOLD_1_122,CA_1,1.348678941253907,Reduce Stock
HOUSEHOLD_2_276,CA_1,0.1315934469350745,Reduce Stock
FOODS_2_259,CA_1,0.4244592492211403,Reduce Stock
HOBBIES_1_386,CA_1,0.7268712268352602,Reduce Stock
HOUSEHOLD_1_241,CA_1,1.0367643197803242,Reduce Stock
FOODS_3_198,CA_1,0.5765839870118669,Reduce Stock
FOODS_3_773,CA_1,1.09880448612835,Reduce Stock
HOUSEHOLD_1_148,CA_1,0.5958921009965159,Reduce Stock
FOODS_3_698,CA_1,1.0950888611647334,Reduce Stock
HOBBIES_1_309,CA_1,0.8243326135357303,Reduce Stock
FOODS_3_290,CA_1,0.773025044819682,Reduce Stock
FOODS_3_481,CA_1,3.146564418336363,Maintain Stock
HOBBIES_2_102,CA_1,0.7437944692139463,Reduce Stock
FOODS_2_260,CA_1,1.050617830515612,Reduce Stock
HOUSEHOLD_2_040,CA_1,0.3320170897462103,Reduce Stock
HOUSEHOLD_2_468,CA_1,0.8828294800923331,Reduce Stock
FOODS_1_049,CA_1,1.3784607166480616,Reduce Stock
FOODS_3_242,CA_1,1.064134295506279,Reduce Stock
FOODS_3_822,CA_1,3.640501476151594,Maintain Stock
HOUSEHOLD_1_196,CA_1,2.1744770477200808,Maintain Stock
HOUSEHOLD_1_121,CA_1,1.5895094942842067,Reduce Stock
FOODS_3_389,CA_1,10.232152144947085,Increase Stock
HOUSEHOLD_2_085,CA_1,0.2966688498697394,Reduce Stock
HOUSEHOLD_1_047,CA_1,0.9993403551007536,Reduce Stock
HOUSEHOLD_1_242,CA_1,0.5461558728462721,Reduce Stock
FOODS_3_197,CA_1,0.8922513677704621,Reduce Stock
FOODS_1_094,CA_1,2.6615614513927763,Maintain Stock
HOUSEHOLD_2_423,CA_1,1.1152330203236978,Reduce Stock
HOBBIES_1_263,CA_1,0.6556183464627151,Reduce Stock
FOODS_3_746,CA_1,5.998115322733109,Increase Stock
HOUSEHOLD_2_227,CA_1,0.2966688498697394,Reduce Stock
FOODS_3_317,CA_1,7.019755301161809,Increase Stock
HOUSEHOLD_1_338,CA_1,6.199820763739817,Increase Stock
FOODS_3_102,CA_1,1.822563148742644,Reduce Stock
HOBBIES_1_185,CA_1,0.5643644179043942,Reduce Stock
HOBBIES_1_236,CA_1,1.139361865149243,Reduce Stock
HOUSEHOLD_2_302,CA_1,0.1315934469350745,Reduce Stock
FOODS_1_217,CA_1,3.030781679275784,Maintain Stock
HOUSEHOLD_1_383,CA_1,2.2168846794250032,Maintain Stock
HOBBIES_2_005,CA_1,0.1315934469350745,Reduce Stock
FOODS_3_578,CA_1,7.489854717190574,Increase Stock
FOODS_3_058,CA_1,2.6747038926927797,Maintain Stock
HOBBIES_2_146,CA_1,0.2966688498697394,Reduce Stock
HOBBIES_1_039,CA_1,0.1315934469350745,Reduce Stock
FOODS_3_437,CA_1,0.951434358517262,Reduce Stock
FOODS_2_176,CA_1,1.5556795989627263,Reduce Stock
FOODS_1_171,CA_1,0.9333490265881516,Reduce Stock
HOUSEHOLD_2_348,CA_1,1.086217571995015,Reduce Stock
FOODS_1_003,CA_1,0.7535793886740528,Reduce Stock
HOUSEHOLD_2_124,CA_1,0.4575875165863741,Reduce Stock
HOUSEHOLD_2_513,CA_1,0.6177012041599156,Reduce Stock
HOBBIES_1_140,CA_1,0.6498203511022508,Reduce Stock
FOODS_3_622,CA_1,0.8902526481547478,Reduce Stock
HOBBIES_1_385,CA_1,0.3527498681416532,Reduce Stock
FOODS_2_119,CA_1,4.316048689949051,Maintain Stock
HOUSEHOLD_2_182,CA_1,0.4163655377599481,Reduce Stock
HOBBIES_1_336,CA_1,0.1265865571885075,Reduce Stock
HOUSEHOLD_1_074,CA_1,0.5190772338568682,Reduce Stock
FOODS_3_362,CA_1,22.27499308360751,Increase Stock
FOODS_3_671,CA_1,0.7654684481442964,Reduce Stock
FOODS_3_577,CA_1,3.3151651919984704,Maintain Stock
HOUSEHOLD_2_516,CA_1,0.2966688498697394,Reduce Stock
